snapshot_utc,snapshot_aest,lga_name,lga_code,provider_code,provider_name,active_outage_count,known_customer_count_outage_count,unknown_customer_count_outage_count,total_affected_customers,planned_customers,unplanned_customers,unknown_type_customers
2026-07-09T05:01:14Z,2026-07-09T15:01:14+10:00,Brisbane City,1000,all,All providers,1,1,0,8,0,8,0
2026-07-09T05:01:14Z,2026-07-09T15:01:14+10:00,Brisbane City,1000,au.qld.energex,Energex,1,1,0,8,0,8,0
2026-07-09T05:01:14Z,2026-07-09T15:01:14+10:00,South Burnett Regional,6630,all,All providers,1,1,0,2,0,2,0
2026-07-09T05:01:14Z,2026-07-09T15:01:14+10:00,South Burnett Regional,6630,au.qld.ergon,Ergon Energy,1,1,0,2,0,2,0
2026-07-09T05:01:14Z,2026-07-09T15:01:14+10:00,Sunshine Coast Regional,6720,all,All providers,1,1,0,23,0,23,0
2026-07-09T05:01:14Z,2026-07-09T15:01:14+10:00,Sunshine Coast Regional,6720,au.qld.energex,Energex,1,1,0,23,0,23,0
2026-07-09T05:01:14Z,2026-07-09T15:01:14+10:00,Toowoomba Regional,6910,all,All providers,1,1,0,17,0,17,0
2026-07-09T05:01:14Z,2026-07-09T15:01:14+10:00,Toowoomba Regional,6910,au.qld.ergon,Ergon Energy,1,1,0,17,0,17,0
2026-07-09T05:15:27Z,2026-07-09T15:15:27+10:00,Brisbane City,1000,all,All providers,1,1,0,8,0,8,0
2026-07-09T05:15:27Z,2026-07-09T15:15:27+10:00,Brisbane City,1000,au.qld.energex,Energex,1,1,0,8,0,8,0
2026-07-09T05:15:27Z,2026-07-09T15:15:27+10:00,South Burnett Regional,6630,all,All providers,1,1,0,2,0,2,0
2026-07-09T05:15:27Z,2026-07-09T15:15:27+10:00,South Burnett Regional,6630,au.qld.ergon,Ergon Energy,1,1,0,2,0,2,0
2026-07-09T05:15:27Z,2026-07-09T15:15:27+10:00,Sunshine Coast Regional,6720,all,All providers,2,2,0,25,0,25,0
2026-07-09T05:15:27Z,2026-07-09T15:15:27+10:00,Sunshine Coast Regional,6720,au.qld.energex,Energex,2,2,0,25,0,25,0
2026-07-09T05:15:27Z,2026-07-09T15:15:27+10:00,Toowoomba Regional,6910,all,All providers,1,1,0,17,0,17,0
2026-07-09T05:15:27Z,2026-07-09T15:15:27+10:00,Toowoomba Regional,6910,au.qld.ergon,Ergon Energy,1,1,0,17,0,17,0
2026-07-09T05:31:05Z,2026-07-09T15:31:05+10:00,Brisbane City,1000,all,All providers,1,1,0,8,0,8,0
2026-07-09T05:31:05Z,2026-07-09T15:31:05+10:00,Brisbane City,1000,au.qld.energex,Energex,1,1,0,8,0,8,0
2026-07-09T05:31:05Z,2026-07-09T15:31:05+10:00,Livingstone Shire,4530,all,All providers,1,1,0,2,0,2,0
2026-07-09T05:31:05Z,2026-07-09T15:31:05+10:00,Livingstone Shire,4530,au.qld.ergon,Ergon Energy,1,1,0,2,0,2,0
2026-07-09T05:31:05Z,2026-07-09T15:31:05+10:00,South Burnett Regional,6630,all,All providers,1,1,0,2,0,2,0
2026-07-09T05:31:05Z,2026-07-09T15:31:05+10:00,South Burnett Regional,6630,au.qld.ergon,Ergon Energy,1,1,0,2,0,2,0
2026-07-09T05:31:05Z,2026-07-09T15:31:05+10:00,Sunshine Coast Regional,6720,all,All providers,2,2,0,25,0,25,0
2026-07-09T05:31:05Z,2026-07-09T15:31:05+10:00,Sunshine Coast Regional,6720,au.qld.energex,Energex,2,2,0,25,0,25,0
2026-07-09T05:31:05Z,2026-07-09T15:31:05+10:00,Toowoomba Regional,6910,all,All providers,1,1,0,17,0,17,0
2026-07-09T05:31:05Z,2026-07-09T15:31:05+10:00,Toowoomba Regional,6910,au.qld.ergon,Ergon Energy,1,1,0,17,0,17,0
2026-07-09T05:45:29Z,2026-07-09T15:45:29+10:00,Brisbane City,1000,all,All providers,1,1,0,8,0,8,0
2026-07-09T05:45:29Z,2026-07-09T15:45:29+10:00,Brisbane City,1000,au.qld.energex,Energex,1,1,0,8,0,8,0
2026-07-09T05:45:29Z,2026-07-09T15:45:29+10:00,Livingstone Shire,4530,all,All providers,1,1,0,78,0,78,0
2026-07-09T05:45:29Z,2026-07-09T15:45:29+10:00,Livingstone Shire,4530,au.qld.ergon,Ergon Energy,1,1,0,78,0,78,0
2026-07-09T05:45:29Z,2026-07-09T15:45:29+10:00,South Burnett Regional,6630,all,All providers,1,1,0,2,0,2,0
2026-07-09T05:45:29Z,2026-07-09T15:45:29+10:00,South Burnett Regional,6630,au.qld.ergon,Ergon Energy,1,1,0,2,0,2,0
2026-07-09T05:45:29Z,2026-07-09T15:45:29+10:00,Sunshine Coast Regional,6720,all,All providers,2,2,0,25,0,25,0
2026-07-09T05:45:29Z,2026-07-09T15:45:29+10:00,Sunshine Coast Regional,6720,au.qld.energex,Energex,2,2,0,25,0,25,0
2026-07-09T05:45:29Z,2026-07-09T15:45:29+10:00,Toowoomba Regional,6910,all,All providers,1,1,0,17,0,17,0
2026-07-09T05:45:29Z,2026-07-09T15:45:29+10:00,Toowoomba Regional,6910,au.qld.ergon,Ergon Energy,1,1,0,17,0,17,0
2026-07-09T06:01:13Z,2026-07-09T16:01:13+10:00,Brisbane City,1000,all,All providers,1,1,0,8,0,8,0
2026-07-09T06:01:13Z,2026-07-09T16:01:13+10:00,Brisbane City,1000,au.qld.energex,Energex,1,1,0,8,0,8,0
2026-07-09T06:01:13Z,2026-07-09T16:01:13+10:00,Livingstone Shire,4530,all,All providers,1,1,0,78,0,78,0
2026-07-09T06:01:13Z,2026-07-09T16:01:13+10:00,Livingstone Shire,4530,au.qld.ergon,Ergon Energy,1,1,0,78,0,78,0
2026-07-09T06:01:13Z,2026-07-09T16:01:13+10:00,South Burnett Regional,6630,all,All providers,1,1,0,2,0,2,0
2026-07-09T06:01:13Z,2026-07-09T16:01:13+10:00,South Burnett Regional,6630,au.qld.ergon,Ergon Energy,1,1,0,2,0,2,0
2026-07-09T06:01:13Z,2026-07-09T16:01:13+10:00,Sunshine Coast Regional,6720,all,All providers,2,2,0,25,0,25,0
2026-07-09T06:01:13Z,2026-07-09T16:01:13+10:00,Sunshine Coast Regional,6720,au.qld.energex,Energex,2,2,0,25,0,25,0
2026-07-09T06:01:13Z,2026-07-09T16:01:13+10:00,Toowoomba Regional,6910,all,All providers,1,1,0,17,0,17,0
2026-07-09T06:01:13Z,2026-07-09T16:01:13+10:00,Toowoomba Regional,6910,au.qld.ergon,Ergon Energy,1,1,0,17,0,17,0
2026-07-09T06:15:31Z,2026-07-09T16:15:31+10:00,Brisbane City,1000,all,All providers,1,1,0,8,0,8,0
2026-07-09T06:15:31Z,2026-07-09T16:15:31+10:00,Brisbane City,1000,au.qld.energex,Energex,1,1,0,8,0,8,0
2026-07-09T06:15:31Z,2026-07-09T16:15:31+10:00,Livingstone Shire,4530,all,All providers,1,1,0,78,0,78,0
2026-07-09T06:15:31Z,2026-07-09T16:15:31+10:00,Livingstone Shire,4530,au.qld.ergon,Ergon Energy,1,1,0,78,0,78,0
2026-07-09T06:15:31Z,2026-07-09T16:15:31+10:00,South Burnett Regional,6630,all,All providers,1,1,0,2,0,2,0
2026-07-09T06:15:31Z,2026-07-09T16:15:31+10:00,South Burnett Regional,6630,au.qld.ergon,Ergon Energy,1,1,0,2,0,2,0
2026-07-09T06:15:31Z,2026-07-09T16:15:31+10:00,Sunshine Coast Regional,6720,all,All providers,1,1,0,2,0,2,0
2026-07-09T06:15:31Z,2026-07-09T16:15:31+10:00,Sunshine Coast Regional,6720,au.qld.energex,Energex,1,1,0,2,0,2,0
2026-07-09T06:15:31Z,2026-07-09T16:15:31+10:00,Toowoomba Regional,6910,all,All providers,1,1,0,17,0,17,0
2026-07-09T06:15:31Z,2026-07-09T16:15:31+10:00,Toowoomba Regional,6910,au.qld.ergon,Ergon Energy,1,1,0,17,0,17,0
2026-07-09T06:41:04Z,2026-07-09T16:41:04+10:00,Brisbane City,1000,all,All providers,1,1,0,8,0,8,0
2026-07-09T06:41:04Z,2026-07-09T16:41:04+10:00,Brisbane City,1000,au.qld.energex,Energex,1,1,0,8,0,8,0
2026-07-09T06:41:04Z,2026-07-09T16:41:04+10:00,Livingstone Shire,4530,all,All providers,1,1,0,78,0,78,0
2026-07-09T06:41:04Z,2026-07-09T16:41:04+10:00,Livingstone Shire,4530,au.qld.ergon,Ergon Energy,1,1,0,78,0,78,0
2026-07-09T06:41:04Z,2026-07-09T16:41:04+10:00,South Burnett Regional,6630,all,All providers,1,1,0,100,0,100,0
2026-07-09T06:41:04Z,2026-07-09T16:41:04+10:00,South Burnett Regional,6630,au.qld.ergon,Ergon Energy,1,1,0,100,0,100,0
2026-07-09T06:41:04Z,2026-07-09T16:41:04+10:00,Sunshine Coast Regional,6720,all,All providers,1,1,0,2,0,2,0
2026-07-09T06:41:04Z,2026-07-09T16:41:04+10:00,Sunshine Coast Regional,6720,au.qld.energex,Energex,1,1,0,2,0,2,0
2026-07-09T06:41:04Z,2026-07-09T16:41:04+10:00,Toowoomba Regional,6910,all,All providers,1,1,0,17,0,17,0
2026-07-09T06:41:04Z,2026-07-09T16:41:04+10:00,Toowoomba Regional,6910,au.qld.ergon,Ergon Energy,1,1,0,17,0,17,0
2026-07-09T06:45:36Z,2026-07-09T16:45:36+10:00,Brisbane City,1000,all,All providers,1,1,0,8,0,8,0
2026-07-09T06:45:36Z,2026-07-09T16:45:36+10:00,Brisbane City,1000,au.qld.energex,Energex,1,1,0,8,0,8,0
2026-07-09T06:45:36Z,2026-07-09T16:45:36+10:00,Livingstone Shire,4530,all,All providers,1,1,0,78,0,78,0
2026-07-09T06:45:36Z,2026-07-09T16:45:36+10:00,Livingstone Shire,4530,au.qld.ergon,Ergon Energy,1,1,0,78,0,78,0
2026-07-09T06:45:36Z,2026-07-09T16:45:36+10:00,South Burnett Regional,6630,all,All providers,1,1,0,100,0,100,0
2026-07-09T06:45:36Z,2026-07-09T16:45:36+10:00,South Burnett Regional,6630,au.qld.ergon,Ergon Energy,1,1,0,100,0,100,0
2026-07-09T06:45:36Z,2026-07-09T16:45:36+10:00,Sunshine Coast Regional,6720,all,All providers,1,1,0,2,0,2,0
2026-07-09T06:45:36Z,2026-07-09T16:45:36+10:00,Sunshine Coast Regional,6720,au.qld.energex,Energex,1,1,0,2,0,2,0
2026-07-09T06:45:36Z,2026-07-09T16:45:36+10:00,Toowoomba Regional,6910,all,All providers,1,1,0,17,0,17,0
2026-07-09T06:45:36Z,2026-07-09T16:45:36+10:00,Toowoomba Regional,6910,au.qld.ergon,Ergon Energy,1,1,0,17,0,17,0
2026-07-09T07:01:14Z,2026-07-09T17:01:14+10:00,Livingstone Shire,4530,all,All providers,1,1,0,78,0,78,0
2026-07-09T07:01:14Z,2026-07-09T17:01:14+10:00,Livingstone Shire,4530,au.qld.ergon,Ergon Energy,1,1,0,78,0,78,0
2026-07-09T07:01:14Z,2026-07-09T17:01:14+10:00,Sunshine Coast Regional,6720,all,All providers,1,1,0,2,0,2,0
2026-07-09T07:01:14Z,2026-07-09T17:01:14+10:00,Sunshine Coast Regional,6720,au.qld.energex,Energex,1,1,0,2,0,2,0
2026-07-09T07:01:14Z,2026-07-09T17:01:14+10:00,Toowoomba Regional,6910,all,All providers,1,1,0,17,0,17,0
2026-07-09T07:01:14Z,2026-07-09T17:01:14+10:00,Toowoomba Regional,6910,au.qld.ergon,Ergon Energy,1,1,0,17,0,17,0
2026-07-09T07:15:35Z,2026-07-09T17:15:35+10:00,Livingstone Shire,4530,all,All providers,1,1,0,78,0,78,0
2026-07-09T07:15:35Z,2026-07-09T17:15:35+10:00,Livingstone Shire,4530,au.qld.ergon,Ergon Energy,1,1,0,78,0,78,0
2026-07-09T07:15:35Z,2026-07-09T17:15:35+10:00,Sunshine Coast Regional,6720,all,All providers,1,1,0,2,0,2,0
2026-07-09T07:15:35Z,2026-07-09T17:15:35+10:00,Sunshine Coast Regional,6720,au.qld.energex,Energex,1,1,0,2,0,2,0
2026-07-09T07:15:35Z,2026-07-09T17:15:35+10:00,Toowoomba Regional,6910,all,All providers,1,1,0,17,0,17,0
2026-07-09T07:15:35Z,2026-07-09T17:15:35+10:00,Toowoomba Regional,6910,au.qld.ergon,Ergon Energy,1,1,0,17,0,17,0
2026-07-09T07:41:12Z,2026-07-09T17:41:12+10:00,Livingstone Shire,4530,all,All providers,1,1,0,78,0,78,0
2026-07-09T07:41:12Z,2026-07-09T17:41:12+10:00,Livingstone Shire,4530,au.qld.ergon,Ergon Energy,1,1,0,78,0,78,0
2026-07-09T07:45:35Z,2026-07-09T17:45:35+10:00,Livingstone Shire,4530,all,All providers,1,1,0,78,0,78,0
2026-07-09T07:45:35Z,2026-07-09T17:45:35+10:00,Livingstone Shire,4530,au.qld.ergon,Ergon Energy,1,1,0,78,0,78,0
2026-07-09T08:31:07Z,2026-07-09T18:31:07+10:00,Sunshine Coast Regional,6720,all,All providers,1,1,0,688,0,688,0
2026-07-09T08:31:07Z,2026-07-09T18:31:07+10:00,Sunshine Coast Regional,6720,au.qld.energex,Energex,1,1,0,688,0,688,0
2026-07-09T08:50:32Z,2026-07-09T18:50:32+10:00,North Burnett Regional,5760,all,All providers,1,1,0,23,0,23,0
2026-07-09T08:50:32Z,2026-07-09T18:50:32+10:00,North Burnett Regional,5760,au.qld.ergon,Ergon Energy,1,1,0,23,0,23,0
2026-07-09T08:50:32Z,2026-07-09T18:50:32+10:00,Sunshine Coast Regional,6720,all,All providers,1,1,0,688,0,688,0
2026-07-09T08:50:32Z,2026-07-09T18:50:32+10:00,Sunshine Coast Regional,6720,au.qld.energex,Energex,1,1,0,688,0,688,0
2026-07-09T09:13:14Z,2026-07-09T19:13:14+10:00,North Burnett Regional,5760,all,All providers,1,1,0,23,0,23,0
2026-07-09T09:13:14Z,2026-07-09T19:13:14+10:00,North Burnett Regional,5760,au.qld.ergon,Ergon Energy,1,1,0,23,0,23,0
2026-07-09T09:13:14Z,2026-07-09T19:13:14+10:00,Sunshine Coast Regional,6720,all,All providers,1,1,0,688,0,688,0
2026-07-09T09:13:14Z,2026-07-09T19:13:14+10:00,Sunshine Coast Regional,6720,au.qld.energex,Energex,1,1,0,688,0,688,0
2026-07-09T09:15:32Z,2026-07-09T19:15:32+10:00,North Burnett Regional,5760,all,All providers,1,1,0,23,0,23,0
2026-07-09T09:15:32Z,2026-07-09T19:15:32+10:00,North Burnett Regional,5760,au.qld.ergon,Ergon Energy,1,1,0,23,0,23,0
2026-07-09T09:15:32Z,2026-07-09T19:15:32+10:00,Sunshine Coast Regional,6720,all,All providers,1,1,0,688,0,688,0
2026-07-09T09:15:32Z,2026-07-09T19:15:32+10:00,Sunshine Coast Regional,6720,au.qld.energex,Energex,1,1,0,688,0,688,0
2026-07-09T09:31:06Z,2026-07-09T19:31:06+10:00,North Burnett Regional,5760,all,All providers,1,1,0,23,0,23,0
2026-07-09T09:31:06Z,2026-07-09T19:31:06+10:00,North Burnett Regional,5760,au.qld.ergon,Ergon Energy,1,1,0,23,0,23,0
2026-07-09T09:31:06Z,2026-07-09T19:31:06+10:00,Sunshine Coast Regional,6720,all,All providers,1,1,0,688,0,688,0
2026-07-09T09:31:06Z,2026-07-09T19:31:06+10:00,Sunshine Coast Regional,6720,au.qld.energex,Energex,1,1,0,688,0,688,0
2026-07-09T10:01:12Z,2026-07-09T20:01:12+10:00,Sunshine Coast Regional,6720,all,All providers,1,1,0,480,0,480,0
2026-07-09T10:01:12Z,2026-07-09T20:01:12+10:00,Sunshine Coast Regional,6720,au.qld.energex,Energex,1,1,0,480,0,480,0
2026-07-09T10:20:30Z,2026-07-09T20:20:30+10:00,Sunshine Coast Regional,6720,all,All providers,1,1,0,480,0,480,0
2026-07-09T10:20:30Z,2026-07-09T20:20:30+10:00,Sunshine Coast Regional,6720,au.qld.energex,Energex,1,1,0,480,0,480,0
2026-07-09T10:31:07Z,2026-07-09T20:31:07+10:00,Sunshine Coast Regional,6720,all,All providers,1,1,0,480,0,480,0
2026-07-09T10:31:07Z,2026-07-09T20:31:07+10:00,Sunshine Coast Regional,6720,au.qld.energex,Energex,1,1,0,480,0,480,0
2026-07-09T10:45:40Z,2026-07-09T20:45:40+10:00,Sunshine Coast Regional,6720,all,All providers,1,1,0,174,0,174,0
2026-07-09T10:45:40Z,2026-07-09T20:45:40+10:00,Sunshine Coast Regional,6720,au.qld.energex,Energex,1,1,0,174,0,174,0
2026-07-09T11:06:17Z,2026-07-09T21:06:17+10:00,Sunshine Coast Regional,6720,all,All providers,1,1,0,174,0,174,0
2026-07-09T11:06:17Z,2026-07-09T21:06:17+10:00,Sunshine Coast Regional,6720,au.qld.energex,Energex,1,1,0,174,0,174,0
2026-07-09T11:20:17Z,2026-07-09T21:20:17+10:00,Sunshine Coast Regional,6720,all,All providers,1,1,0,174,0,174,0
2026-07-09T11:20:17Z,2026-07-09T21:20:17+10:00,Sunshine Coast Regional,6720,au.qld.energex,Energex,1,1,0,174,0,174,0
2026-07-09T11:31:06Z,2026-07-09T21:31:06+10:00,Sunshine Coast Regional,6720,all,All providers,1,1,0,174,0,174,0
2026-07-09T11:31:06Z,2026-07-09T21:31:06+10:00,Sunshine Coast Regional,6720,au.qld.energex,Energex,1,1,0,174,0,174,0
2026-07-09T11:45:34Z,2026-07-09T21:45:34+10:00,Sunshine Coast Regional,6720,all,All providers,1,1,0,174,0,174,0
2026-07-09T11:45:34Z,2026-07-09T21:45:34+10:00,Sunshine Coast Regional,6720,au.qld.energex,Energex,1,1,0,174,0,174,0
2026-07-09T12:01:02Z,2026-07-09T22:01:02+10:00,Sunshine Coast Regional,6720,all,All providers,1,1,0,174,0,174,0
2026-07-09T12:01:02Z,2026-07-09T22:01:02+10:00,Sunshine Coast Regional,6720,au.qld.energex,Energex,1,1,0,174,0,174,0
2026-07-09T12:20:33Z,2026-07-09T22:20:33+10:00,Sunshine Coast Regional,6720,all,All providers,1,1,0,75,0,75,0
2026-07-09T12:20:33Z,2026-07-09T22:20:33+10:00,Sunshine Coast Regional,6720,au.qld.energex,Energex,1,1,0,75,0,75,0
2026-07-09T13:03:29Z,2026-07-09T23:03:29+10:00,Banana Shire,370,all,All providers,1,1,0,31,0,31,0
2026-07-09T13:03:29Z,2026-07-09T23:03:29+10:00,Banana Shire,370,au.qld.ergon,Ergon Energy,1,1,0,31,0,31,0
2026-07-09T13:03:29Z,2026-07-09T23:03:29+10:00,Sunshine Coast Regional,6720,all,All providers,1,1,0,75,0,75,0
2026-07-09T13:03:29Z,2026-07-09T23:03:29+10:00,Sunshine Coast Regional,6720,au.qld.energex,Energex,1,1,0,75,0,75,0
2026-07-09T13:15:54Z,2026-07-09T23:15:54+10:00,Banana Shire,370,all,All providers,1,1,0,31,0,31,0
2026-07-09T13:15:54Z,2026-07-09T23:15:54+10:00,Banana Shire,370,au.qld.ergon,Ergon Energy,1,1,0,31,0,31,0
2026-07-09T13:15:54Z,2026-07-09T23:15:54+10:00,Sunshine Coast Regional,6720,all,All providers,1,1,0,75,0,75,0
2026-07-09T13:15:54Z,2026-07-09T23:15:54+10:00,Sunshine Coast Regional,6720,au.qld.energex,Energex,1,1,0,75,0,75,0
2026-07-09T13:30:55Z,2026-07-09T23:30:55+10:00,Banana Shire,370,all,All providers,1,1,0,31,0,31,0
2026-07-09T13:30:55Z,2026-07-09T23:30:55+10:00,Banana Shire,370,au.qld.ergon,Ergon Energy,1,1,0,31,0,31,0
2026-07-09T13:30:55Z,2026-07-09T23:30:55+10:00,Sunshine Coast Regional,6720,all,All providers,1,1,0,75,0,75,0
2026-07-09T13:30:55Z,2026-07-09T23:30:55+10:00,Sunshine Coast Regional,6720,au.qld.energex,Energex,1,1,0,75,0,75,0
2026-07-09T13:45:40Z,2026-07-09T23:45:40+10:00,Banana Shire,370,all,All providers,1,1,0,31,0,31,0
2026-07-09T13:45:40Z,2026-07-09T23:45:40+10:00,Banana Shire,370,au.qld.ergon,Ergon Energy,1,1,0,31,0,31,0
2026-07-09T13:45:40Z,2026-07-09T23:45:40+10:00,Sunshine Coast Regional,6720,all,All providers,1,1,0,75,0,75,0
2026-07-09T13:45:40Z,2026-07-09T23:45:40+10:00,Sunshine Coast Regional,6720,au.qld.energex,Energex,1,1,0,75,0,75,0
2026-07-09T14:01:06Z,2026-07-10T00:01:06+10:00,Banana Shire,370,all,All providers,1,1,0,31,0,31,0
2026-07-09T14:01:06Z,2026-07-10T00:01:06+10:00,Banana Shire,370,au.qld.ergon,Ergon Energy,1,1,0,31,0,31,0
2026-07-09T14:01:06Z,2026-07-10T00:01:06+10:00,Sunshine Coast Regional,6720,all,All providers,1,1,0,75,0,75,0
2026-07-09T14:01:06Z,2026-07-10T00:01:06+10:00,Sunshine Coast Regional,6720,au.qld.energex,Energex,1,1,0,75,0,75,0
2026-07-09T14:15:37Z,2026-07-10T00:15:37+10:00,Banana Shire,370,all,All providers,1,1,0,31,0,31,0
2026-07-09T14:15:37Z,2026-07-10T00:15:37+10:00,Banana Shire,370,au.qld.ergon,Ergon Energy,1,1,0,31,0,31,0
2026-07-09T14:30:58Z,2026-07-10T00:30:58+10:00,Banana Shire,370,all,All providers,1,1,0,31,0,31,0
2026-07-09T14:30:58Z,2026-07-10T00:30:58+10:00,Banana Shire,370,au.qld.ergon,Ergon Energy,1,1,0,31,0,31,0
2026-07-09T14:45:34Z,2026-07-10T00:45:34+10:00,Banana Shire,370,all,All providers,1,1,0,31,0,31,0
2026-07-09T14:45:34Z,2026-07-10T00:45:34+10:00,Banana Shire,370,au.qld.ergon,Ergon Energy,1,1,0,31,0,31,0
2026-07-09T15:01:04Z,2026-07-10T01:01:04+10:00,Banana Shire,370,all,All providers,1,1,0,31,0,31,0
2026-07-09T15:01:04Z,2026-07-10T01:01:04+10:00,Banana Shire,370,au.qld.ergon,Ergon Energy,1,1,0,31,0,31,0
2026-07-09T15:01:04Z,2026-07-10T01:01:04+10:00,Moreton Bay City,5010,all,All providers,1,1,0,226,0,226,0
2026-07-09T15:01:04Z,2026-07-10T01:01:04+10:00,Moreton Bay City,5010,au.qld.energex,Energex,1,1,0,226,0,226,0
2026-07-09T15:15:35Z,2026-07-10T01:15:35+10:00,Banana Shire,370,all,All providers,1,1,0,31,0,31,0
2026-07-09T15:15:35Z,2026-07-10T01:15:35+10:00,Banana Shire,370,au.qld.ergon,Ergon Energy,1,1,0,31,0,31,0
2026-07-09T15:15:35Z,2026-07-10T01:15:35+10:00,Moreton Bay City,5010,all,All providers,1,1,0,226,0,226,0
2026-07-09T15:15:35Z,2026-07-10T01:15:35+10:00,Moreton Bay City,5010,au.qld.energex,Energex,1,1,0,226,0,226,0
2026-07-09T15:30:55Z,2026-07-10T01:30:55+10:00,Banana Shire,370,all,All providers,1,1,0,31,0,31,0
2026-07-09T15:30:55Z,2026-07-10T01:30:55+10:00,Banana Shire,370,au.qld.ergon,Ergon Energy,1,1,0,31,0,31,0
2026-07-09T15:30:55Z,2026-07-10T01:30:55+10:00,Moreton Bay City,5010,all,All providers,1,1,0,226,0,226,0
2026-07-09T15:30:55Z,2026-07-10T01:30:55+10:00,Moreton Bay City,5010,au.qld.energex,Energex,1,1,0,226,0,226,0
2026-07-09T15:45:37Z,2026-07-10T01:45:37+10:00,Banana Shire,370,all,All providers,1,1,0,31,0,31,0
2026-07-09T15:45:37Z,2026-07-10T01:45:37+10:00,Banana Shire,370,au.qld.ergon,Ergon Energy,1,1,0,31,0,31,0
2026-07-09T15:45:37Z,2026-07-10T01:45:37+10:00,Moreton Bay City,5010,all,All providers,1,1,0,226,0,226,0
2026-07-09T15:45:37Z,2026-07-10T01:45:37+10:00,Moreton Bay City,5010,au.qld.energex,Energex,1,1,0,226,0,226,0
2026-07-09T16:01:01Z,2026-07-10T02:01:01+10:00,Banana Shire,370,all,All providers,1,1,0,31,0,31,0
2026-07-09T16:01:01Z,2026-07-10T02:01:01+10:00,Banana Shire,370,au.qld.ergon,Ergon Energy,1,1,0,31,0,31,0
2026-07-09T16:15:31Z,2026-07-10T02:15:31+10:00,Banana Shire,370,all,All providers,1,1,0,31,0,31,0
2026-07-09T16:15:31Z,2026-07-10T02:15:31+10:00,Banana Shire,370,au.qld.ergon,Ergon Energy,1,1,0,31,0,31,0
2026-07-09T16:30:52Z,2026-07-10T02:30:52+10:00,Banana Shire,370,all,All providers,1,1,0,31,0,31,0
2026-07-09T16:30:52Z,2026-07-10T02:30:52+10:00,Banana Shire,370,au.qld.ergon,Ergon Energy,1,1,0,31,0,31,0
2026-07-09T16:45:31Z,2026-07-10T02:45:31+10:00,Banana Shire,370,all,All providers,1,1,0,31,0,31,0
2026-07-09T16:45:31Z,2026-07-10T02:45:31+10:00,Banana Shire,370,au.qld.ergon,Ergon Energy,1,1,0,31,0,31,0
2026-07-09T17:00:55Z,2026-07-10T03:00:55+10:00,Banana Shire,370,all,All providers,1,1,0,31,0,31,0
2026-07-09T17:00:55Z,2026-07-10T03:00:55+10:00,Banana Shire,370,au.qld.ergon,Ergon Energy,1,1,0,31,0,31,0
2026-07-09T17:15:29Z,2026-07-10T03:15:29+10:00,Banana Shire,370,all,All providers,1,1,0,31,0,31,0
2026-07-09T17:15:29Z,2026-07-10T03:15:29+10:00,Banana Shire,370,au.qld.ergon,Ergon Energy,1,1,0,31,0,31,0
2026-07-09T17:30:55Z,2026-07-10T03:30:55+10:00,Banana Shire,370,all,All providers,1,1,0,31,0,31,0
2026-07-09T17:30:55Z,2026-07-10T03:30:55+10:00,Banana Shire,370,au.qld.ergon,Ergon Energy,1,1,0,31,0,31,0
2026-07-09T17:45:31Z,2026-07-10T03:45:31+10:00,Banana Shire,370,all,All providers,1,1,0,31,0,31,0
2026-07-09T17:45:31Z,2026-07-10T03:45:31+10:00,Banana Shire,370,au.qld.ergon,Ergon Energy,1,1,0,31,0,31,0
2026-07-09T18:00:59Z,2026-07-10T04:00:59+10:00,Banana Shire,370,all,All providers,1,1,0,31,0,31,0
2026-07-09T18:00:59Z,2026-07-10T04:00:59+10:00,Banana Shire,370,au.qld.ergon,Ergon Energy,1,1,0,31,0,31,0
2026-07-09T18:15:36Z,2026-07-10T04:15:36+10:00,Banana Shire,370,all,All providers,1,1,0,31,0,31,0
2026-07-09T18:15:36Z,2026-07-10T04:15:36+10:00,Banana Shire,370,au.qld.ergon,Ergon Energy,1,1,0,31,0,31,0
2026-07-09T18:30:55Z,2026-07-10T04:30:55+10:00,Banana Shire,370,all,All providers,1,1,0,31,0,31,0
2026-07-09T18:30:55Z,2026-07-10T04:30:55+10:00,Banana Shire,370,au.qld.ergon,Ergon Energy,1,1,0,31,0,31,0
2026-07-09T18:45:31Z,2026-07-10T04:45:31+10:00,Banana Shire,370,all,All providers,1,1,0,31,0,31,0
2026-07-09T18:45:31Z,2026-07-10T04:45:31+10:00,Banana Shire,370,au.qld.ergon,Ergon Energy,1,1,0,31,0,31,0
2026-07-09T19:01:13Z,2026-07-10T05:01:13+10:00,Banana Shire,370,all,All providers,1,1,0,31,0,31,0
2026-07-09T19:01:13Z,2026-07-10T05:01:13+10:00,Banana Shire,370,au.qld.ergon,Ergon Energy,1,1,0,31,0,31,0
2026-07-09T19:15:30Z,2026-07-10T05:15:30+10:00,Banana Shire,370,all,All providers,1,1,0,31,0,31,0
2026-07-09T19:15:30Z,2026-07-10T05:15:30+10:00,Banana Shire,370,au.qld.ergon,Ergon Energy,1,1,0,31,0,31,0
2026-07-09T19:30:53Z,2026-07-10T05:30:53+10:00,Banana Shire,370,all,All providers,1,1,0,31,0,31,0
2026-07-09T19:30:53Z,2026-07-10T05:30:53+10:00,Banana Shire,370,au.qld.ergon,Ergon Energy,1,1,0,31,0,31,0
2026-07-09T19:45:37Z,2026-07-10T05:45:37+10:00,Banana Shire,370,all,All providers,1,1,0,31,0,31,0
2026-07-09T19:45:37Z,2026-07-10T05:45:37+10:00,Banana Shire,370,au.qld.ergon,Ergon Energy,1,1,0,31,0,31,0
2026-07-09T20:00:57Z,2026-07-10T06:00:57+10:00,Banana Shire,370,all,All providers,1,1,0,31,0,31,0
2026-07-09T20:00:57Z,2026-07-10T06:00:57+10:00,Banana Shire,370,au.qld.ergon,Ergon Energy,1,1,0,31,0,31,0
2026-07-09T20:15:35Z,2026-07-10T06:15:35+10:00,Banana Shire,370,all,All providers,1,1,0,31,0,31,0
2026-07-09T20:15:35Z,2026-07-10T06:15:35+10:00,Banana Shire,370,au.qld.ergon,Ergon Energy,1,1,0,31,0,31,0
2026-07-09T20:30:58Z,2026-07-10T06:30:58+10:00,Banana Shire,370,all,All providers,1,1,0,31,0,31,0
2026-07-09T20:30:58Z,2026-07-10T06:30:58+10:00,Banana Shire,370,au.qld.ergon,Ergon Energy,1,1,0,31,0,31,0
2026-07-09T20:45:32Z,2026-07-10T06:45:32+10:00,Banana Shire,370,all,All providers,1,1,0,31,0,31,0
2026-07-09T20:45:32Z,2026-07-10T06:45:32+10:00,Banana Shire,370,au.qld.ergon,Ergon Energy,1,1,0,31,0,31,0
2026-07-09T21:00:56Z,2026-07-10T07:00:56+10:00,Banana Shire,370,all,All providers,1,1,0,31,0,31,0
2026-07-09T21:00:56Z,2026-07-10T07:00:56+10:00,Banana Shire,370,au.qld.ergon,Ergon Energy,1,1,0,31,0,31,0
2026-07-09T21:15:30Z,2026-07-10T07:15:30+10:00,Banana Shire,370,all,All providers,1,1,0,92,0,92,0
2026-07-09T21:15:30Z,2026-07-10T07:15:30+10:00,Banana Shire,370,au.qld.ergon,Ergon Energy,1,1,0,92,0,92,0
2026-07-09T21:30:51Z,2026-07-10T07:30:51+10:00,Banana Shire,370,all,All providers,1,1,0,2,0,2,0
2026-07-09T21:30:51Z,2026-07-10T07:30:51+10:00,Banana Shire,370,au.qld.ergon,Ergon Energy,1,1,0,2,0,2,0
2026-07-09T21:30:51Z,2026-07-10T07:30:51+10:00,Gold Coast City,3430,all,All providers,1,1,0,35,0,35,0
2026-07-09T21:30:51Z,2026-07-10T07:30:51+10:00,Gold Coast City,3430,au.qld.energex,Energex,1,1,0,35,0,35,0
2026-07-09T21:45:35Z,2026-07-10T07:45:35+10:00,Banana Shire,370,all,All providers,1,1,0,2,0,2,0
2026-07-09T21:45:35Z,2026-07-10T07:45:35+10:00,Banana Shire,370,au.qld.ergon,Ergon Energy,1,1,0,2,0,2,0
2026-07-09T21:45:35Z,2026-07-10T07:45:35+10:00,Gold Coast City,3430,all,All providers,1,1,0,35,0,35,0
2026-07-09T21:45:35Z,2026-07-10T07:45:35+10:00,Gold Coast City,3430,au.qld.energex,Energex,1,1,0,35,0,35,0
2026-07-09T22:00:57Z,2026-07-10T08:00:57+10:00,Banana Shire,370,all,All providers,1,1,0,2,0,2,0
2026-07-09T22:00:57Z,2026-07-10T08:00:57+10:00,Banana Shire,370,au.qld.ergon,Ergon Energy,1,1,0,2,0,2,0
2026-07-09T22:00:57Z,2026-07-10T08:00:57+10:00,Central Highlands Regional,2270,all,All providers,1,1,0,5,0,5,0
2026-07-09T22:00:57Z,2026-07-10T08:00:57+10:00,Central Highlands Regional,2270,au.qld.ergon,Ergon Energy,1,1,0,5,0,5,0
2026-07-09T22:00:57Z,2026-07-10T08:00:57+10:00,Gold Coast City,3430,all,All providers,1,1,0,35,0,35,0
2026-07-09T22:00:57Z,2026-07-10T08:00:57+10:00,Gold Coast City,3430,au.qld.energex,Energex,1,1,0,35,0,35,0
2026-07-09T22:15:31Z,2026-07-10T08:15:31+10:00,Banana Shire,370,all,All providers,1,1,0,2,0,2,0
2026-07-09T22:15:31Z,2026-07-10T08:15:31+10:00,Banana Shire,370,au.qld.ergon,Ergon Energy,1,1,0,2,0,2,0
2026-07-09T22:15:31Z,2026-07-10T08:15:31+10:00,Central Highlands Regional,2270,all,All providers,1,1,0,5,0,5,0
2026-07-09T22:15:31Z,2026-07-10T08:15:31+10:00,Central Highlands Regional,2270,au.qld.ergon,Ergon Energy,1,1,0,5,0,5,0
2026-07-09T22:15:31Z,2026-07-10T08:15:31+10:00,Ipswich City,3960,all,All providers,1,1,0,22,0,22,0
2026-07-09T22:15:31Z,2026-07-10T08:15:31+10:00,Ipswich City,3960,au.qld.energex,Energex,1,1,0,22,0,22,0
2026-07-09T22:30:57Z,2026-07-10T08:30:57+10:00,Ipswich City,3960,all,All providers,1,1,0,22,0,22,0
2026-07-09T22:30:57Z,2026-07-10T08:30:57+10:00,Ipswich City,3960,au.qld.energex,Energex,1,1,0,22,0,22,0
2026-07-09T22:45:33Z,2026-07-10T08:45:33+10:00,Ipswich City,3960,all,All providers,1,1,0,22,0,22,0
2026-07-09T22:45:33Z,2026-07-10T08:45:33+10:00,Ipswich City,3960,au.qld.energex,Energex,1,1,0,22,0,22,0
2026-07-09T23:30:58Z,2026-07-10T09:30:58+10:00,Rockhampton Regional,6370,all,All providers,1,1,0,3,0,3,0
2026-07-09T23:30:58Z,2026-07-10T09:30:58+10:00,Rockhampton Regional,6370,au.qld.ergon,Ergon Energy,1,1,0,3,0,3,0
2026-07-09T23:45:35Z,2026-07-10T09:45:35+10:00,Rockhampton Regional,6370,all,All providers,1,1,0,3,0,3,0
2026-07-09T23:45:35Z,2026-07-10T09:45:35+10:00,Rockhampton Regional,6370,au.qld.ergon,Ergon Energy,1,1,0,3,0,3,0
2026-07-10T00:01:00Z,2026-07-10T10:01:00+10:00,Rockhampton Regional,6370,all,All providers,1,1,0,3,0,3,0
2026-07-10T00:01:00Z,2026-07-10T10:01:00+10:00,Rockhampton Regional,6370,au.qld.ergon,Ergon Energy,1,1,0,3,0,3,0
2026-07-10T00:15:29Z,2026-07-10T10:15:29+10:00,Rockhampton Regional,6370,all,All providers,1,1,0,3,0,3,0
2026-07-10T00:15:29Z,2026-07-10T10:15:29+10:00,Rockhampton Regional,6370,au.qld.ergon,Ergon Energy,1,1,0,3,0,3,0
2026-07-10T01:01:01Z,2026-07-10T11:01:01+10:00,Toowoomba Regional,6910,all,All providers,1,1,0,91,0,91,0
2026-07-10T01:01:01Z,2026-07-10T11:01:01+10:00,Toowoomba Regional,6910,au.qld.ergon,Ergon Energy,1,1,0,91,0,91,0
2026-07-10T01:15:34Z,2026-07-10T11:15:34+10:00,Toowoomba Regional,6910,all,All providers,1,1,0,91,0,91,0
2026-07-10T01:15:34Z,2026-07-10T11:15:34+10:00,Toowoomba Regional,6910,au.qld.ergon,Ergon Energy,1,1,0,91,0,91,0
2026-07-10T01:30:51Z,2026-07-10T11:30:51+10:00,Toowoomba Regional,6910,all,All providers,1,1,0,91,0,91,0
2026-07-10T01:30:51Z,2026-07-10T11:30:51+10:00,Toowoomba Regional,6910,au.qld.ergon,Ergon Energy,1,1,0,91,0,91,0
2026-07-10T02:30:52Z,2026-07-10T12:30:52+10:00,Gympie Regional,3620,all,All providers,1,1,0,42,0,42,0
2026-07-10T02:30:52Z,2026-07-10T12:30:52+10:00,Gympie Regional,3620,au.qld.energex,Energex,1,1,0,42,0,42,0
2026-07-10T02:45:31Z,2026-07-10T12:45:31+10:00,Gympie Regional,3620,all,All providers,1,1,0,42,0,42,0
2026-07-10T02:45:31Z,2026-07-10T12:45:31+10:00,Gympie Regional,3620,au.qld.energex,Energex,1,1,0,42,0,42,0
2026-07-10T03:01:03Z,2026-07-10T13:01:03+10:00,Gympie Regional,3620,all,All providers,1,1,0,42,0,42,0
2026-07-10T03:01:03Z,2026-07-10T13:01:03+10:00,Gympie Regional,3620,au.qld.energex,Energex,1,1,0,42,0,42,0
2026-07-10T03:15:31Z,2026-07-10T13:15:31+10:00,Gympie Regional,3620,all,All providers,1,1,0,42,0,42,0
2026-07-10T03:15:31Z,2026-07-10T13:15:31+10:00,Gympie Regional,3620,au.qld.energex,Energex,1,1,0,42,0,42,0
2026-07-10T03:30:49Z,2026-07-10T13:30:49+10:00,Aurukun Shire,250,all,All providers,1,1,0,2,0,2,0
2026-07-10T03:30:49Z,2026-07-10T13:30:49+10:00,Aurukun Shire,250,au.qld.ergon,Ergon Energy,1,1,0,2,0,2,0
2026-07-10T03:30:49Z,2026-07-10T13:30:49+10:00,Banana Shire,370,all,All providers,1,1,0,2,0,2,0
2026-07-10T03:30:49Z,2026-07-10T13:30:49+10:00,Banana Shire,370,au.qld.ergon,Ergon Energy,1,1,0,2,0,2,0
2026-07-10T03:30:49Z,2026-07-10T13:30:49+10:00,Gympie Regional,3620,all,All providers,1,1,0,42,0,42,0
2026-07-10T03:30:49Z,2026-07-10T13:30:49+10:00,Gympie Regional,3620,au.qld.energex,Energex,1,1,0,42,0,42,0
2026-07-10T03:45:29Z,2026-07-10T13:45:29+10:00,Aurukun Shire,250,all,All providers,1,1,0,2,0,2,0
2026-07-10T03:45:29Z,2026-07-10T13:45:29+10:00,Aurukun Shire,250,au.qld.ergon,Ergon Energy,1,1,0,2,0,2,0
2026-07-10T03:45:29Z,2026-07-10T13:45:29+10:00,Banana Shire,370,all,All providers,1,1,0,2,0,2,0
2026-07-10T03:45:29Z,2026-07-10T13:45:29+10:00,Banana Shire,370,au.qld.ergon,Ergon Energy,1,1,0,2,0,2,0
2026-07-10T03:45:29Z,2026-07-10T13:45:29+10:00,Gympie Regional,3620,all,All providers,1,1,0,42,0,42,0
2026-07-10T03:45:29Z,2026-07-10T13:45:29+10:00,Gympie Regional,3620,au.qld.energex,Energex,1,1,0,42,0,42,0
2026-07-10T04:01:00Z,2026-07-10T14:01:00+10:00,Aurukun Shire,250,all,All providers,1,1,0,2,0,2,0
2026-07-10T04:01:00Z,2026-07-10T14:01:00+10:00,Aurukun Shire,250,au.qld.ergon,Ergon Energy,1,1,0,2,0,2,0
2026-07-10T04:01:00Z,2026-07-10T14:01:00+10:00,Banana Shire,370,all,All providers,1,1,0,2,0,2,0
2026-07-10T04:01:00Z,2026-07-10T14:01:00+10:00,Banana Shire,370,au.qld.ergon,Ergon Energy,1,1,0,2,0,2,0
2026-07-10T04:01:00Z,2026-07-10T14:01:00+10:00,Bulloo Shire,1750,all,All providers,1,1,0,459,0,459,0
2026-07-10T04:01:00Z,2026-07-10T14:01:00+10:00,Bulloo Shire,1750,au.qld.ergon,Ergon Energy,1,1,0,459,0,459,0
2026-07-10T04:01:00Z,2026-07-10T14:01:00+10:00,Gympie Regional,3620,all,All providers,1,1,0,42,0,42,0
2026-07-10T04:01:00Z,2026-07-10T14:01:00+10:00,Gympie Regional,3620,au.qld.energex,Energex,1,1,0,42,0,42,0
2026-07-10T04:15:31Z,2026-07-10T14:15:31+10:00,Aurukun Shire,250,all,All providers,1,1,0,2,0,2,0
2026-07-10T04:15:31Z,2026-07-10T14:15:31+10:00,Aurukun Shire,250,au.qld.ergon,Ergon Energy,1,1,0,2,0,2,0
2026-07-10T04:15:31Z,2026-07-10T14:15:31+10:00,Banana Shire,370,all,All providers,1,1,0,2,0,2,0
2026-07-10T04:15:31Z,2026-07-10T14:15:31+10:00,Banana Shire,370,au.qld.ergon,Ergon Energy,1,1,0,2,0,2,0
2026-07-10T04:15:31Z,2026-07-10T14:15:31+10:00,Bulloo Shire,1750,all,All providers,1,1,0,459,0,459,0
2026-07-10T04:15:31Z,2026-07-10T14:15:31+10:00,Bulloo Shire,1750,au.qld.ergon,Ergon Energy,1,1,0,459,0,459,0
2026-07-10T04:15:31Z,2026-07-10T14:15:31+10:00,Gympie Regional,3620,all,All providers,1,1,0,42,0,42,0
2026-07-10T04:15:31Z,2026-07-10T14:15:31+10:00,Gympie Regional,3620,au.qld.energex,Energex,1,1,0,42,0,42,0
2026-07-10T04:30:55Z,2026-07-10T14:30:55+10:00,Aurukun Shire,250,all,All providers,1,1,0,2,0,2,0
2026-07-10T04:30:55Z,2026-07-10T14:30:55+10:00,Aurukun Shire,250,au.qld.ergon,Ergon Energy,1,1,0,2,0,2,0
2026-07-10T04:30:55Z,2026-07-10T14:30:55+10:00,Banana Shire,370,all,All providers,1,1,0,2,0,2,0
2026-07-10T04:30:55Z,2026-07-10T14:30:55+10:00,Banana Shire,370,au.qld.ergon,Ergon Energy,1,1,0,2,0,2,0
2026-07-10T04:30:55Z,2026-07-10T14:30:55+10:00,Bulloo Shire,1750,all,All providers,1,1,0,459,0,459,0
2026-07-10T04:30:55Z,2026-07-10T14:30:55+10:00,Bulloo Shire,1750,au.qld.ergon,Ergon Energy,1,1,0,459,0,459,0
2026-07-10T04:30:55Z,2026-07-10T14:30:55+10:00,Cairns Regional,2080,all,All providers,1,1,0,110,0,110,0
2026-07-10T04:30:55Z,2026-07-10T14:30:55+10:00,Cairns Regional,2080,au.qld.ergon,Ergon Energy,1,1,0,110,0,110,0
2026-07-10T04:30:55Z,2026-07-10T14:30:55+10:00,Gympie Regional,3620,all,All providers,1,1,0,42,0,42,0
2026-07-10T04:30:55Z,2026-07-10T14:30:55+10:00,Gympie Regional,3620,au.qld.energex,Energex,1,1,0,42,0,42,0
2026-07-10T04:30:55Z,2026-07-10T14:30:55+10:00,Sunshine Coast Regional,6720,all,All providers,1,1,0,98,0,98,0
2026-07-10T04:30:55Z,2026-07-10T14:30:55+10:00,Sunshine Coast Regional,6720,au.qld.energex,Energex,1,1,0,98,0,98,0
2026-07-10T04:45:32Z,2026-07-10T14:45:32+10:00,Aurukun Shire,250,all,All providers,1,1,0,2,0,2,0
2026-07-10T04:45:32Z,2026-07-10T14:45:32+10:00,Aurukun Shire,250,au.qld.ergon,Ergon Energy,1,1,0,2,0,2,0
2026-07-10T04:45:32Z,2026-07-10T14:45:32+10:00,Banana Shire,370,all,All providers,1,1,0,2,0,2,0
2026-07-10T04:45:32Z,2026-07-10T14:45:32+10:00,Banana Shire,370,au.qld.ergon,Ergon Energy,1,1,0,2,0,2,0
2026-07-10T04:45:32Z,2026-07-10T14:45:32+10:00,Bulloo Shire,1750,all,All providers,1,1,0,459,0,459,0
2026-07-10T04:45:32Z,2026-07-10T14:45:32+10:00,Bulloo Shire,1750,au.qld.ergon,Ergon Energy,1,1,0,459,0,459,0
2026-07-10T04:45:32Z,2026-07-10T14:45:32+10:00,Cairns Regional,2080,all,All providers,1,1,0,110,0,110,0
2026-07-10T04:45:32Z,2026-07-10T14:45:32+10:00,Cairns Regional,2080,au.qld.ergon,Ergon Energy,1,1,0,110,0,110,0
2026-07-10T04:45:32Z,2026-07-10T14:45:32+10:00,Gympie Regional,3620,all,All providers,1,1,0,42,0,42,0
2026-07-10T04:45:32Z,2026-07-10T14:45:32+10:00,Gympie Regional,3620,au.qld.energex,Energex,1,1,0,42,0,42,0
2026-07-10T04:45:32Z,2026-07-10T14:45:32+10:00,Sunshine Coast Regional,6720,all,All providers,1,1,0,98,0,98,0
2026-07-10T04:45:32Z,2026-07-10T14:45:32+10:00,Sunshine Coast Regional,6720,au.qld.energex,Energex,1,1,0,98,0,98,0
2026-07-10T05:00:59Z,2026-07-10T15:00:59+10:00,Aurukun Shire,250,all,All providers,1,1,0,2,0,2,0
2026-07-10T05:00:59Z,2026-07-10T15:00:59+10:00,Aurukun Shire,250,au.qld.ergon,Ergon Energy,1,1,0,2,0,2,0
2026-07-10T05:00:59Z,2026-07-10T15:00:59+10:00,Banana Shire,370,all,All providers,1,1,0,2,0,2,0
2026-07-10T05:00:59Z,2026-07-10T15:00:59+10:00,Banana Shire,370,au.qld.ergon,Ergon Energy,1,1,0,2,0,2,0
2026-07-10T05:00:59Z,2026-07-10T15:00:59+10:00,Bulloo Shire,1750,all,All providers,1,1,0,459,0,459,0
2026-07-10T05:00:59Z,2026-07-10T15:00:59+10:00,Bulloo Shire,1750,au.qld.ergon,Ergon Energy,1,1,0,459,0,459,0
2026-07-10T05:00:59Z,2026-07-10T15:00:59+10:00,Cairns Regional,2080,all,All providers,1,1,0,110,0,110,0
2026-07-10T05:00:59Z,2026-07-10T15:00:59+10:00,Cairns Regional,2080,au.qld.ergon,Ergon Energy,1,1,0,110,0,110,0
2026-07-10T05:00:59Z,2026-07-10T15:00:59+10:00,Gympie Regional,3620,all,All providers,1,1,0,42,0,42,0
2026-07-10T05:00:59Z,2026-07-10T15:00:59+10:00,Gympie Regional,3620,au.qld.energex,Energex,1,1,0,42,0,42,0
2026-07-10T05:00:59Z,2026-07-10T15:00:59+10:00,Sunshine Coast Regional,6720,all,All providers,1,1,0,98,0,98,0
2026-07-10T05:00:59Z,2026-07-10T15:00:59+10:00,Sunshine Coast Regional,6720,au.qld.energex,Energex,1,1,0,98,0,98,0
2026-07-10T05:15:32Z,2026-07-10T15:15:32+10:00,Aurukun Shire,250,all,All providers,1,1,0,2,0,2,0
2026-07-10T05:15:32Z,2026-07-10T15:15:32+10:00,Aurukun Shire,250,au.qld.ergon,Ergon Energy,1,1,0,2,0,2,0
2026-07-10T05:15:32Z,2026-07-10T15:15:32+10:00,Banana Shire,370,all,All providers,1,1,0,2,0,2,0
2026-07-10T05:15:32Z,2026-07-10T15:15:32+10:00,Banana Shire,370,au.qld.ergon,Ergon Energy,1,1,0,2,0,2,0
2026-07-10T05:15:32Z,2026-07-10T15:15:32+10:00,Bulloo Shire,1750,all,All providers,1,1,0,459,0,459,0
2026-07-10T05:15:32Z,2026-07-10T15:15:32+10:00,Bulloo Shire,1750,au.qld.ergon,Ergon Energy,1,1,0,459,0,459,0
2026-07-10T05:15:32Z,2026-07-10T15:15:32+10:00,Cairns Regional,2080,all,All providers,1,1,0,110,0,110,0
2026-07-10T05:15:32Z,2026-07-10T15:15:32+10:00,Cairns Regional,2080,au.qld.ergon,Ergon Energy,1,1,0,110,0,110,0
2026-07-10T05:15:32Z,2026-07-10T15:15:32+10:00,Gympie Regional,3620,all,All providers,1,1,0,42,0,42,0
2026-07-10T05:15:32Z,2026-07-10T15:15:32+10:00,Gympie Regional,3620,au.qld.energex,Energex,1,1,0,42,0,42,0
2026-07-10T05:15:32Z,2026-07-10T15:15:32+10:00,Sunshine Coast Regional,6720,all,All providers,1,1,0,98,0,98,0
2026-07-10T05:15:32Z,2026-07-10T15:15:32+10:00,Sunshine Coast Regional,6720,au.qld.energex,Energex,1,1,0,98,0,98,0
2026-07-10T05:30:53Z,2026-07-10T15:30:53+10:00,Aurukun Shire,250,all,All providers,1,1,0,2,0,2,0
2026-07-10T05:30:53Z,2026-07-10T15:30:53+10:00,Aurukun Shire,250,au.qld.ergon,Ergon Energy,1,1,0,2,0,2,0
2026-07-10T05:30:53Z,2026-07-10T15:30:53+10:00,Banana Shire,370,all,All providers,1,1,0,2,0,2,0
2026-07-10T05:30:53Z,2026-07-10T15:30:53+10:00,Banana Shire,370,au.qld.ergon,Ergon Energy,1,1,0,2,0,2,0
2026-07-10T05:30:53Z,2026-07-10T15:30:53+10:00,Bulloo Shire,1750,all,All providers,1,1,0,459,0,459,0
2026-07-10T05:30:53Z,2026-07-10T15:30:53+10:00,Bulloo Shire,1750,au.qld.ergon,Ergon Energy,1,1,0,459,0,459,0
2026-07-10T05:30:53Z,2026-07-10T15:30:53+10:00,Cairns Regional,2080,all,All providers,1,1,0,110,0,110,0
2026-07-10T05:30:53Z,2026-07-10T15:30:53+10:00,Cairns Regional,2080,au.qld.ergon,Ergon Energy,1,1,0,110,0,110,0
2026-07-10T05:30:53Z,2026-07-10T15:30:53+10:00,Gympie Regional,3620,all,All providers,1,1,0,42,0,42,0
2026-07-10T05:30:53Z,2026-07-10T15:30:53+10:00,Gympie Regional,3620,au.qld.energex,Energex,1,1,0,42,0,42,0
2026-07-10T05:30:53Z,2026-07-10T15:30:53+10:00,Sunshine Coast Regional,6720,all,All providers,1,1,0,98,0,98,0
2026-07-10T05:30:53Z,2026-07-10T15:30:53+10:00,Sunshine Coast Regional,6720,au.qld.energex,Energex,1,1,0,98,0,98,0
2026-07-10T05:45:28Z,2026-07-10T15:45:28+10:00,Aurukun Shire,250,all,All providers,1,1,0,2,0,2,0
2026-07-10T05:45:28Z,2026-07-10T15:45:28+10:00,Aurukun Shire,250,au.qld.ergon,Ergon Energy,1,1,0,2,0,2,0
2026-07-10T05:45:28Z,2026-07-10T15:45:28+10:00,Banana Shire,370,all,All providers,1,1,0,2,0,2,0
2026-07-10T05:45:28Z,2026-07-10T15:45:28+10:00,Banana Shire,370,au.qld.ergon,Ergon Energy,1,1,0,2,0,2,0
2026-07-10T05:45:28Z,2026-07-10T15:45:28+10:00,Brisbane City,1000,all,All providers,1,1,0,3291,0,3291,0
2026-07-10T05:45:28Z,2026-07-10T15:45:28+10:00,Brisbane City,1000,au.qld.energex,Energex,1,1,0,3291,0,3291,0
2026-07-10T05:45:28Z,2026-07-10T15:45:28+10:00,Cairns Regional,2080,all,All providers,1,1,0,110,0,110,0
2026-07-10T05:45:28Z,2026-07-10T15:45:28+10:00,Cairns Regional,2080,au.qld.ergon,Ergon Energy,1,1,0,110,0,110,0
2026-07-10T05:45:28Z,2026-07-10T15:45:28+10:00,Gympie Regional,3620,all,All providers,1,1,0,42,0,42,0
2026-07-10T05:45:28Z,2026-07-10T15:45:28+10:00,Gympie Regional,3620,au.qld.energex,Energex,1,1,0,42,0,42,0
2026-07-10T05:45:28Z,2026-07-10T15:45:28+10:00,Sunshine Coast Regional,6720,all,All providers,1,1,0,98,0,98,0
2026-07-10T05:45:28Z,2026-07-10T15:45:28+10:00,Sunshine Coast Regional,6720,au.qld.energex,Energex,1,1,0,98,0,98,0
2026-07-10T06:01:02Z,2026-07-10T16:01:02+10:00,Aurukun Shire,250,all,All providers,1,1,0,2,0,2,0
2026-07-10T06:01:02Z,2026-07-10T16:01:02+10:00,Aurukun Shire,250,au.qld.ergon,Ergon Energy,1,1,0,2,0,2,0
2026-07-10T06:01:02Z,2026-07-10T16:01:02+10:00,Banana Shire,370,all,All providers,1,1,0,2,0,2,0
2026-07-10T06:01:02Z,2026-07-10T16:01:02+10:00,Banana Shire,370,au.qld.ergon,Ergon Energy,1,1,0,2,0,2,0
2026-07-10T06:01:02Z,2026-07-10T16:01:02+10:00,Cairns Regional,2080,all,All providers,1,1,0,110,0,110,0
2026-07-10T06:01:02Z,2026-07-10T16:01:02+10:00,Cairns Regional,2080,au.qld.ergon,Ergon Energy,1,1,0,110,0,110,0
2026-07-10T06:01:02Z,2026-07-10T16:01:02+10:00,Gympie Regional,3620,all,All providers,1,1,0,42,0,42,0
2026-07-10T06:01:02Z,2026-07-10T16:01:02+10:00,Gympie Regional,3620,au.qld.energex,Energex,1,1,0,42,0,42,0
2026-07-10T06:01:02Z,2026-07-10T16:01:02+10:00,Sunshine Coast Regional,6720,all,All providers,1,1,0,98,0,98,0
2026-07-10T06:01:02Z,2026-07-10T16:01:02+10:00,Sunshine Coast Regional,6720,au.qld.energex,Energex,1,1,0,98,0,98,0
2026-07-10T06:15:36Z,2026-07-10T16:15:36+10:00,Aurukun Shire,250,all,All providers,1,1,0,2,0,2,0
2026-07-10T06:15:36Z,2026-07-10T16:15:36+10:00,Aurukun Shire,250,au.qld.ergon,Ergon Energy,1,1,0,2,0,2,0
2026-07-10T06:15:36Z,2026-07-10T16:15:36+10:00,Banana Shire,370,all,All providers,1,1,0,2,0,2,0
2026-07-10T06:15:36Z,2026-07-10T16:15:36+10:00,Banana Shire,370,au.qld.ergon,Ergon Energy,1,1,0,2,0,2,0
2026-07-10T06:15:36Z,2026-07-10T16:15:36+10:00,Cairns Regional,2080,all,All providers,1,1,0,110,0,110,0
2026-07-10T06:15:36Z,2026-07-10T16:15:36+10:00,Cairns Regional,2080,au.qld.ergon,Ergon Energy,1,1,0,110,0,110,0
2026-07-10T06:15:36Z,2026-07-10T16:15:36+10:00,Gympie Regional,3620,all,All providers,1,1,0,42,0,42,0
2026-07-10T06:15:36Z,2026-07-10T16:15:36+10:00,Gympie Regional,3620,au.qld.energex,Energex,1,1,0,42,0,42,0
2026-07-10T06:15:36Z,2026-07-10T16:15:36+10:00,Sunshine Coast Regional,6720,all,All providers,1,1,0,98,0,98,0
2026-07-10T06:15:36Z,2026-07-10T16:15:36+10:00,Sunshine Coast Regional,6720,au.qld.energex,Energex,1,1,0,98,0,98,0
2026-07-10T06:30:52Z,2026-07-10T16:30:52+10:00,Aurukun Shire,250,all,All providers,1,1,0,2,0,2,0
2026-07-10T06:30:52Z,2026-07-10T16:30:52+10:00,Aurukun Shire,250,au.qld.ergon,Ergon Energy,1,1,0,2,0,2,0
2026-07-10T06:30:52Z,2026-07-10T16:30:52+10:00,Banana Shire,370,all,All providers,1,1,0,2,0,2,0
2026-07-10T06:30:52Z,2026-07-10T16:30:52+10:00,Banana Shire,370,au.qld.ergon,Ergon Energy,1,1,0,2,0,2,0
2026-07-10T06:30:52Z,2026-07-10T16:30:52+10:00,Cairns Regional,2080,all,All providers,1,1,0,110,0,110,0
2026-07-10T06:30:52Z,2026-07-10T16:30:52+10:00,Cairns Regional,2080,au.qld.ergon,Ergon Energy,1,1,0,110,0,110,0
2026-07-10T06:30:52Z,2026-07-10T16:30:52+10:00,Gympie Regional,3620,all,All providers,1,1,0,4,0,4,0
2026-07-10T06:30:52Z,2026-07-10T16:30:52+10:00,Gympie Regional,3620,au.qld.ergon,Ergon Energy,1,1,0,4,0,4,0
2026-07-10T06:30:52Z,2026-07-10T16:30:52+10:00,Sunshine Coast Regional,6720,all,All providers,1,1,0,45,0,45,0
2026-07-10T06:30:52Z,2026-07-10T16:30:52+10:00,Sunshine Coast Regional,6720,au.qld.energex,Energex,1,1,0,45,0,45,0
2026-07-10T06:45:32Z,2026-07-10T16:45:32+10:00,Aurukun Shire,250,all,All providers,1,1,0,2,0,2,0
2026-07-10T06:45:32Z,2026-07-10T16:45:32+10:00,Aurukun Shire,250,au.qld.ergon,Ergon Energy,1,1,0,2,0,2,0
2026-07-10T06:45:32Z,2026-07-10T16:45:32+10:00,Banana Shire,370,all,All providers,1,1,0,2,0,2,0
2026-07-10T06:45:32Z,2026-07-10T16:45:32+10:00,Banana Shire,370,au.qld.ergon,Ergon Energy,1,1,0,2,0,2,0
2026-07-10T06:45:32Z,2026-07-10T16:45:32+10:00,Gympie Regional,3620,all,All providers,1,1,0,4,0,4,0
2026-07-10T06:45:32Z,2026-07-10T16:45:32+10:00,Gympie Regional,3620,au.qld.ergon,Ergon Energy,1,1,0,4,0,4,0
2026-07-10T06:45:32Z,2026-07-10T16:45:32+10:00,Sunshine Coast Regional,6720,all,All providers,1,1,0,53,0,53,0
2026-07-10T06:45:32Z,2026-07-10T16:45:32+10:00,Sunshine Coast Regional,6720,au.qld.energex,Energex,1,1,0,53,0,53,0
2026-07-10T07:01:01Z,2026-07-10T17:01:01+10:00,Aurukun Shire,250,all,All providers,1,1,0,2,0,2,0
2026-07-10T07:01:01Z,2026-07-10T17:01:01+10:00,Aurukun Shire,250,au.qld.ergon,Ergon Energy,1,1,0,2,0,2,0
2026-07-10T07:01:01Z,2026-07-10T17:01:01+10:00,Banana Shire,370,all,All providers,1,1,0,2,0,2,0
2026-07-10T07:01:01Z,2026-07-10T17:01:01+10:00,Banana Shire,370,au.qld.ergon,Ergon Energy,1,1,0,2,0,2,0
2026-07-10T07:01:01Z,2026-07-10T17:01:01+10:00,Gympie Regional,3620,all,All providers,1,1,0,4,0,4,0
2026-07-10T07:01:01Z,2026-07-10T17:01:01+10:00,Gympie Regional,3620,au.qld.ergon,Ergon Energy,1,1,0,4,0,4,0
2026-07-10T07:15:37Z,2026-07-10T17:15:37+10:00,Banana Shire,370,all,All providers,1,1,0,2,0,2,0
2026-07-10T07:15:37Z,2026-07-10T17:15:37+10:00,Banana Shire,370,au.qld.ergon,Ergon Energy,1,1,0,2,0,2,0
2026-07-10T07:15:37Z,2026-07-10T17:15:37+10:00,Gympie Regional,3620,all,All providers,1,1,0,4,0,4,0
2026-07-10T07:15:37Z,2026-07-10T17:15:37+10:00,Gympie Regional,3620,au.qld.ergon,Ergon Energy,1,1,0,4,0,4,0
2026-07-10T07:30:57Z,2026-07-10T17:30:57+10:00,Banana Shire,370,all,All providers,1,1,0,2,0,2,0
2026-07-10T07:30:57Z,2026-07-10T17:30:57+10:00,Banana Shire,370,au.qld.ergon,Ergon Energy,1,1,0,2,0,2,0
2026-07-10T07:30:57Z,2026-07-10T17:30:57+10:00,Gympie Regional,3620,all,All providers,1,1,0,4,0,4,0
2026-07-10T07:30:57Z,2026-07-10T17:30:57+10:00,Gympie Regional,3620,au.qld.ergon,Ergon Energy,1,1,0,4,0,4,0
2026-07-10T07:30:57Z,2026-07-10T17:30:57+10:00,Tablelands Regional,6820,all,All providers,1,1,0,3,0,3,0
2026-07-10T07:30:57Z,2026-07-10T17:30:57+10:00,Tablelands Regional,6820,au.qld.ergon,Ergon Energy,1,1,0,3,0,3,0
2026-07-10T07:45:32Z,2026-07-10T17:45:32+10:00,Banana Shire,370,all,All providers,1,1,0,2,0,2,0
2026-07-10T07:45:32Z,2026-07-10T17:45:32+10:00,Banana Shire,370,au.qld.ergon,Ergon Energy,1,1,0,2,0,2,0
2026-07-10T07:45:32Z,2026-07-10T17:45:32+10:00,Gympie Regional,3620,all,All providers,1,1,0,4,0,4,0
2026-07-10T07:45:32Z,2026-07-10T17:45:32+10:00,Gympie Regional,3620,au.qld.ergon,Ergon Energy,1,1,0,4,0,4,0
2026-07-10T08:01:01Z,2026-07-10T18:01:01+10:00,Banana Shire,370,all,All providers,1,1,0,2,0,2,0
2026-07-10T08:01:01Z,2026-07-10T18:01:01+10:00,Banana Shire,370,au.qld.ergon,Ergon Energy,1,1,0,2,0,2,0
2026-07-10T08:01:01Z,2026-07-10T18:01:01+10:00,Gympie Regional,3620,all,All providers,1,1,0,4,0,4,0
2026-07-10T08:01:01Z,2026-07-10T18:01:01+10:00,Gympie Regional,3620,au.qld.ergon,Ergon Energy,1,1,0,4,0,4,0
2026-07-10T08:15:30Z,2026-07-10T18:15:30+10:00,Banana Shire,370,all,All providers,1,1,0,2,0,2,0
2026-07-10T08:15:30Z,2026-07-10T18:15:30+10:00,Banana Shire,370,au.qld.ergon,Ergon Energy,1,1,0,2,0,2,0
2026-07-10T08:15:30Z,2026-07-10T18:15:30+10:00,Gympie Regional,3620,all,All providers,1,1,0,4,0,4,0
2026-07-10T08:15:30Z,2026-07-10T18:15:30+10:00,Gympie Regional,3620,au.qld.ergon,Ergon Energy,1,1,0,4,0,4,0
2026-07-10T08:31:00Z,2026-07-10T18:31:00+10:00,Banana Shire,370,all,All providers,1,1,0,2,0,2,0
2026-07-10T08:31:00Z,2026-07-10T18:31:00+10:00,Banana Shire,370,au.qld.ergon,Ergon Energy,1,1,0,2,0,2,0
2026-07-10T08:45:29Z,2026-07-10T18:45:29+10:00,Banana Shire,370,all,All providers,1,1,0,2,0,2,0
2026-07-10T08:45:29Z,2026-07-10T18:45:29+10:00,Banana Shire,370,au.qld.ergon,Ergon Energy,1,1,0,2,0,2,0
2026-07-10T09:45:30Z,2026-07-10T19:45:30+10:00,Brisbane City,1000,all,All providers,1,1,0,24,0,24,0
2026-07-10T09:45:30Z,2026-07-10T19:45:30+10:00,Brisbane City,1000,au.qld.energex,Energex,1,1,0,24,0,24,0
2026-07-10T09:45:30Z,2026-07-10T19:45:30+10:00,Moreton Bay City,5010,all,All providers,1,1,0,3,0,3,0
2026-07-10T09:45:30Z,2026-07-10T19:45:30+10:00,Moreton Bay City,5010,au.qld.energex,Energex,1,1,0,3,0,3,0
2026-07-10T10:01:06Z,2026-07-10T20:01:06+10:00,Brisbane City,1000,all,All providers,1,1,0,24,0,24,0
2026-07-10T10:01:06Z,2026-07-10T20:01:06+10:00,Brisbane City,1000,au.qld.energex,Energex,1,1,0,24,0,24,0
2026-07-10T10:01:06Z,2026-07-10T20:01:06+10:00,Moreton Bay City,5010,all,All providers,1,1,0,3,0,3,0
2026-07-10T10:01:06Z,2026-07-10T20:01:06+10:00,Moreton Bay City,5010,au.qld.energex,Energex,1,1,0,3,0,3,0
2026-07-10T10:15:31Z,2026-07-10T20:15:31+10:00,Brisbane City,1000,all,All providers,1,1,0,24,0,24,0
2026-07-10T10:15:31Z,2026-07-10T20:15:31+10:00,Brisbane City,1000,au.qld.energex,Energex,1,1,0,24,0,24,0
2026-07-10T10:15:31Z,2026-07-10T20:15:31+10:00,Moreton Bay City,5010,all,All providers,1,1,0,3,0,3,0
2026-07-10T10:15:31Z,2026-07-10T20:15:31+10:00,Moreton Bay City,5010,au.qld.energex,Energex,1,1,0,3,0,3,0
2026-07-10T10:30:58Z,2026-07-10T20:30:58+10:00,Brisbane City,1000,all,All providers,2,2,0,175,0,175,0
2026-07-10T10:30:58Z,2026-07-10T20:30:58+10:00,Brisbane City,1000,au.qld.energex,Energex,2,2,0,175,0,175,0
2026-07-10T10:30:58Z,2026-07-10T20:30:58+10:00,Moreton Bay City,5010,all,All providers,1,1,0,3,0,3,0
2026-07-10T10:30:58Z,2026-07-10T20:30:58+10:00,Moreton Bay City,5010,au.qld.energex,Energex,1,1,0,3,0,3,0
2026-07-10T10:45:32Z,2026-07-10T20:45:32+10:00,Brisbane City,1000,all,All providers,2,2,0,175,0,175,0
2026-07-10T10:45:32Z,2026-07-10T20:45:32+10:00,Brisbane City,1000,au.qld.energex,Energex,2,2,0,175,0,175,0
2026-07-10T10:45:32Z,2026-07-10T20:45:32+10:00,Gympie Regional,3620,all,All providers,1,1,0,23,0,23,0
2026-07-10T10:45:32Z,2026-07-10T20:45:32+10:00,Gympie Regional,3620,au.qld.energex,Energex,1,1,0,23,0,23,0
2026-07-10T10:45:32Z,2026-07-10T20:45:32+10:00,Moreton Bay City,5010,all,All providers,1,1,0,3,0,3,0
2026-07-10T10:45:32Z,2026-07-10T20:45:32+10:00,Moreton Bay City,5010,au.qld.energex,Energex,1,1,0,3,0,3,0
2026-07-10T11:00:59Z,2026-07-10T21:00:59+10:00,Brisbane City,1000,all,All providers,1,1,0,151,0,151,0
2026-07-10T11:00:59Z,2026-07-10T21:00:59+10:00,Brisbane City,1000,au.qld.energex,Energex,1,1,0,151,0,151,0
2026-07-10T11:00:59Z,2026-07-10T21:00:59+10:00,Gympie Regional,3620,all,All providers,1,1,0,23,0,23,0
2026-07-10T11:00:59Z,2026-07-10T21:00:59+10:00,Gympie Regional,3620,au.qld.energex,Energex,1,1,0,23,0,23,0
2026-07-10T11:15:37Z,2026-07-10T21:15:37+10:00,Brisbane City,1000,all,All providers,1,1,0,151,0,151,0
2026-07-10T11:15:37Z,2026-07-10T21:15:37+10:00,Brisbane City,1000,au.qld.energex,Energex,1,1,0,151,0,151,0
2026-07-10T11:30:57Z,2026-07-10T21:30:57+10:00,Brisbane City,1000,all,All providers,1,1,0,151,0,151,0
2026-07-10T11:30:57Z,2026-07-10T21:30:57+10:00,Brisbane City,1000,au.qld.energex,Energex,1,1,0,151,0,151,0
2026-07-10T11:45:30Z,2026-07-10T21:45:30+10:00,Brisbane City,1000,all,All providers,1,1,0,151,0,151,0
2026-07-10T11:45:30Z,2026-07-10T21:45:30+10:00,Brisbane City,1000,au.qld.energex,Energex,1,1,0,151,0,151,0
2026-07-10T12:01:05Z,2026-07-10T22:01:05+10:00,Brisbane City,1000,all,All providers,1,1,0,151,0,151,0
2026-07-10T12:01:05Z,2026-07-10T22:01:05+10:00,Brisbane City,1000,au.qld.energex,Energex,1,1,0,151,0,151,0
2026-07-10T12:15:29Z,2026-07-10T22:15:29+10:00,Brisbane City,1000,all,All providers,1,1,0,151,0,151,0
2026-07-10T12:15:29Z,2026-07-10T22:15:29+10:00,Brisbane City,1000,au.qld.energex,Energex,1,1,0,151,0,151,0
2026-07-10T13:30:57Z,2026-07-10T23:30:57+10:00,Rockhampton Regional,6370,all,All providers,1,1,0,118,0,118,0
2026-07-10T13:30:57Z,2026-07-10T23:30:57+10:00,Rockhampton Regional,6370,au.qld.ergon,Ergon Energy,1,1,0,118,0,118,0
2026-07-10T13:45:31Z,2026-07-10T23:45:31+10:00,Rockhampton Regional,6370,all,All providers,1,1,0,118,0,118,0
2026-07-10T13:45:31Z,2026-07-10T23:45:31+10:00,Rockhampton Regional,6370,au.qld.ergon,Ergon Energy,1,1,0,118,0,118,0
2026-07-10T14:01:05Z,2026-07-11T00:01:05+10:00,Rockhampton Regional,6370,all,All providers,1,1,0,118,0,118,0
2026-07-10T14:01:05Z,2026-07-11T00:01:05+10:00,Rockhampton Regional,6370,au.qld.ergon,Ergon Energy,1,1,0,118,0,118,0
2026-07-10T14:15:35Z,2026-07-11T00:15:35+10:00,Rockhampton Regional,6370,all,All providers,1,1,0,118,0,118,0
2026-07-10T14:15:35Z,2026-07-11T00:15:35+10:00,Rockhampton Regional,6370,au.qld.ergon,Ergon Energy,1,1,0,118,0,118,0
2026-07-10T14:30:57Z,2026-07-11T00:30:57+10:00,Rockhampton Regional,6370,all,All providers,1,1,0,118,0,118,0
2026-07-10T14:30:57Z,2026-07-11T00:30:57+10:00,Rockhampton Regional,6370,au.qld.ergon,Ergon Energy,1,1,0,118,0,118,0
2026-07-10T14:45:34Z,2026-07-11T00:45:34+10:00,Logan City,4590,all,All providers,1,1,0,846,0,846,0
2026-07-10T14:45:34Z,2026-07-11T00:45:34+10:00,Logan City,4590,au.qld.energex,Energex,1,1,0,846,0,846,0
2026-07-10T14:45:34Z,2026-07-11T00:45:34+10:00,Rockhampton Regional,6370,all,All providers,1,1,0,118,0,118,0
2026-07-10T14:45:34Z,2026-07-11T00:45:34+10:00,Rockhampton Regional,6370,au.qld.ergon,Ergon Energy,1,1,0,118,0,118,0
2026-07-10T15:01:05Z,2026-07-11T01:01:05+10:00,Logan City,4590,all,All providers,1,1,0,846,0,846,0
2026-07-10T15:01:05Z,2026-07-11T01:01:05+10:00,Logan City,4590,au.qld.energex,Energex,1,1,0,846,0,846,0
2026-07-10T15:01:05Z,2026-07-11T01:01:05+10:00,Rockhampton Regional,6370,all,All providers,1,1,0,118,0,118,0
2026-07-10T15:01:05Z,2026-07-11T01:01:05+10:00,Rockhampton Regional,6370,au.qld.ergon,Ergon Energy,1,1,0,118,0,118,0
2026-07-10T15:15:34Z,2026-07-11T01:15:34+10:00,Logan City,4590,all,All providers,1,1,0,846,0,846,0
2026-07-10T15:15:34Z,2026-07-11T01:15:34+10:00,Logan City,4590,au.qld.energex,Energex,1,1,0,846,0,846,0
2026-07-10T15:15:34Z,2026-07-11T01:15:34+10:00,Rockhampton Regional,6370,all,All providers,1,1,0,118,0,118,0
2026-07-10T15:15:34Z,2026-07-11T01:15:34+10:00,Rockhampton Regional,6370,au.qld.ergon,Ergon Energy,1,1,0,118,0,118,0
2026-07-10T15:30:53Z,2026-07-11T01:30:53+10:00,Logan City,4590,all,All providers,1,1,0,846,0,846,0
2026-07-10T15:30:53Z,2026-07-11T01:30:53+10:00,Logan City,4590,au.qld.energex,Energex,1,1,0,846,0,846,0
2026-07-10T15:30:53Z,2026-07-11T01:30:53+10:00,Rockhampton Regional,6370,all,All providers,1,1,0,118,0,118,0
2026-07-10T15:30:53Z,2026-07-11T01:30:53+10:00,Rockhampton Regional,6370,au.qld.ergon,Ergon Energy,1,1,0,118,0,118,0
2026-07-10T15:45:34Z,2026-07-11T01:45:34+10:00,Logan City,4590,all,All providers,1,1,0,846,0,846,0
2026-07-10T15:45:34Z,2026-07-11T01:45:34+10:00,Logan City,4590,au.qld.energex,Energex,1,1,0,846,0,846,0
2026-07-10T16:01:03Z,2026-07-11T02:01:03+10:00,Logan City,4590,all,All providers,1,1,0,846,0,846,0
2026-07-10T16:01:03Z,2026-07-11T02:01:03+10:00,Logan City,4590,au.qld.energex,Energex,1,1,0,846,0,846,0
2026-07-10T16:15:36Z,2026-07-11T02:15:36+10:00,Logan City,4590,all,All providers,1,1,0,846,0,846,0
2026-07-10T16:15:36Z,2026-07-11T02:15:36+10:00,Logan City,4590,au.qld.energex,Energex,1,1,0,846,0,846,0
2026-07-10T16:30:59Z,2026-07-11T02:30:59+10:00,Logan City,4590,all,All providers,1,1,0,846,0,846,0
2026-07-10T16:30:59Z,2026-07-11T02:30:59+10:00,Logan City,4590,au.qld.energex,Energex,1,1,0,846,0,846,0
2026-07-10T16:45:30Z,2026-07-11T02:45:30+10:00,Brisbane City,1000,all,All providers,1,1,0,105,0,105,0
2026-07-10T16:45:30Z,2026-07-11T02:45:30+10:00,Brisbane City,1000,au.qld.energex,Energex,1,1,0,105,0,105,0
2026-07-10T16:45:30Z,2026-07-11T02:45:30+10:00,Logan City,4590,all,All providers,1,1,0,846,0,846,0
2026-07-10T16:45:30Z,2026-07-11T02:45:30+10:00,Logan City,4590,au.qld.energex,Energex,1,1,0,846,0,846,0
2026-07-10T17:01:03Z,2026-07-11T03:01:03+10:00,Brisbane City,1000,all,All providers,1,1,0,105,0,105,0
2026-07-10T17:01:03Z,2026-07-11T03:01:03+10:00,Brisbane City,1000,au.qld.energex,Energex,1,1,0,105,0,105,0
2026-07-10T17:01:03Z,2026-07-11T03:01:03+10:00,Logan City,4590,all,All providers,2,2,0,896,0,896,0
2026-07-10T17:01:03Z,2026-07-11T03:01:03+10:00,Logan City,4590,au.qld.energex,Energex,2,2,0,896,0,896,0
2026-07-10T17:15:32Z,2026-07-11T03:15:32+10:00,Brisbane City,1000,all,All providers,1,1,0,105,0,105,0
2026-07-10T17:15:32Z,2026-07-11T03:15:32+10:00,Brisbane City,1000,au.qld.energex,Energex,1,1,0,105,0,105,0
2026-07-10T17:15:32Z,2026-07-11T03:15:32+10:00,Logan City,4590,all,All providers,2,2,0,317,0,317,0
2026-07-10T17:15:32Z,2026-07-11T03:15:32+10:00,Logan City,4590,au.qld.energex,Energex,2,2,0,317,0,317,0
2026-07-10T17:30:58Z,2026-07-11T03:30:58+10:00,Brisbane City,1000,all,All providers,1,1,0,105,0,105,0
2026-07-10T17:30:58Z,2026-07-11T03:30:58+10:00,Brisbane City,1000,au.qld.energex,Energex,1,1,0,105,0,105,0
2026-07-10T17:30:58Z,2026-07-11T03:30:58+10:00,Logan City,4590,all,All providers,2,2,0,211,0,211,0
2026-07-10T17:30:58Z,2026-07-11T03:30:58+10:00,Logan City,4590,au.qld.energex,Energex,2,2,0,211,0,211,0
2026-07-10T17:45:31Z,2026-07-11T03:45:31+10:00,Brisbane City,1000,all,All providers,1,1,0,105,0,105,0
2026-07-10T17:45:31Z,2026-07-11T03:45:31+10:00,Brisbane City,1000,au.qld.energex,Energex,1,1,0,105,0,105,0
2026-07-10T17:45:31Z,2026-07-11T03:45:31+10:00,Logan City,4590,all,All providers,2,2,0,211,0,211,0
2026-07-10T17:45:31Z,2026-07-11T03:45:31+10:00,Logan City,4590,au.qld.energex,Energex,2,2,0,211,0,211,0
2026-07-10T18:01:06Z,2026-07-11T04:01:06+10:00,Logan City,4590,all,All providers,2,2,0,211,0,211,0
2026-07-10T18:01:06Z,2026-07-11T04:01:06+10:00,Logan City,4590,au.qld.energex,Energex,2,2,0,211,0,211,0
2026-07-10T18:15:32Z,2026-07-11T04:15:32+10:00,Logan City,4590,all,All providers,2,2,0,208,0,208,0
2026-07-10T18:15:32Z,2026-07-11T04:15:32+10:00,Logan City,4590,au.qld.energex,Energex,2,2,0,208,0,208,0
2026-07-10T18:30:57Z,2026-07-11T04:30:57+10:00,Logan City,4590,all,All providers,2,2,0,208,0,208,0
2026-07-10T18:30:57Z,2026-07-11T04:30:57+10:00,Logan City,4590,au.qld.energex,Energex,2,2,0,208,0,208,0
2026-07-10T18:45:34Z,2026-07-11T04:45:34+10:00,Logan City,4590,all,All providers,2,2,0,208,0,208,0
2026-07-10T18:45:34Z,2026-07-11T04:45:34+10:00,Logan City,4590,au.qld.energex,Energex,2,2,0,208,0,208,0
2026-07-10T19:01:05Z,2026-07-11T05:01:05+10:00,Logan City,4590,all,All providers,2,2,0,208,0,208,0
2026-07-10T19:01:05Z,2026-07-11T05:01:05+10:00,Logan City,4590,au.qld.energex,Energex,2,2,0,208,0,208,0
2026-07-10T19:15:36Z,2026-07-11T05:15:36+10:00,Logan City,4590,all,All providers,1,1,0,158,0,158,0
2026-07-10T19:15:36Z,2026-07-11T05:15:36+10:00,Logan City,4590,au.qld.energex,Energex,1,1,0,158,0,158,0
2026-07-10T19:30:59Z,2026-07-11T05:30:59+10:00,Logan City,4590,all,All providers,2,2,0,216,0,216,0
2026-07-10T19:30:59Z,2026-07-11T05:30:59+10:00,Logan City,4590,au.qld.energex,Energex,2,2,0,216,0,216,0
2026-07-10T19:45:33Z,2026-07-11T05:45:33+10:00,Logan City,4590,all,All providers,2,2,0,216,0,216,0
2026-07-10T19:45:33Z,2026-07-11T05:45:33+10:00,Logan City,4590,au.qld.energex,Energex,2,2,0,216,0,216,0
2026-07-10T20:01:10Z,2026-07-11T06:01:10+10:00,Logan City,4590,all,All providers,2,2,0,216,0,216,0
2026-07-10T20:01:10Z,2026-07-11T06:01:10+10:00,Logan City,4590,au.qld.energex,Energex,2,2,0,216,0,216,0
2026-07-10T20:15:38Z,2026-07-11T06:15:38+10:00,Logan City,4590,all,All providers,2,2,0,216,0,216,0
2026-07-10T20:15:38Z,2026-07-11T06:15:38+10:00,Logan City,4590,au.qld.energex,Energex,2,2,0,216,0,216,0
2026-07-10T20:31:11Z,2026-07-11T06:31:11+10:00,Logan City,4590,all,All providers,1,1,0,158,0,158,0
2026-07-10T20:31:11Z,2026-07-11T06:31:11+10:00,Logan City,4590,au.qld.energex,Energex,1,1,0,158,0,158,0
2026-07-10T20:45:43Z,2026-07-11T06:45:43+10:00,Logan City,4590,all,All providers,1,1,0,158,0,158,0
2026-07-10T20:45:43Z,2026-07-11T06:45:43+10:00,Logan City,4590,au.qld.energex,Energex,1,1,0,158,0,158,0
2026-07-10T21:01:04Z,2026-07-11T07:01:04+10:00,Logan City,4590,all,All providers,1,1,0,158,0,158,0
2026-07-10T21:01:04Z,2026-07-11T07:01:04+10:00,Logan City,4590,au.qld.energex,Energex,1,1,0,158,0,158,0
2026-07-10T21:15:30Z,2026-07-11T07:15:30+10:00,Logan City,4590,all,All providers,1,1,0,158,0,158,0
2026-07-10T21:15:30Z,2026-07-11T07:15:30+10:00,Logan City,4590,au.qld.energex,Energex,1,1,0,158,0,158,0
2026-07-10T21:30:57Z,2026-07-11T07:30:57+10:00,Logan City,4590,all,All providers,1,1,0,158,0,158,0
2026-07-10T21:30:57Z,2026-07-11T07:30:57+10:00,Logan City,4590,au.qld.energex,Energex,1,1,0,158,0,158,0
2026-07-10T21:45:35Z,2026-07-11T07:45:35+10:00,Logan City,4590,all,All providers,1,1,0,158,0,158,0
2026-07-10T21:45:35Z,2026-07-11T07:45:35+10:00,Logan City,4590,au.qld.energex,Energex,1,1,0,158,0,158,0
2026-07-10T22:01:06Z,2026-07-11T08:01:06+10:00,Burdekin Shire,1900,all,All providers,1,1,0,5,0,5,0
2026-07-10T22:01:06Z,2026-07-11T08:01:06+10:00,Burdekin Shire,1900,au.qld.ergon,Ergon Energy,1,1,0,5,0,5,0
2026-07-10T22:01:06Z,2026-07-11T08:01:06+10:00,Logan City,4590,all,All providers,1,1,0,158,0,158,0
2026-07-10T22:01:06Z,2026-07-11T08:01:06+10:00,Logan City,4590,au.qld.energex,Energex,1,1,0,158,0,158,0
2026-07-10T22:15:32Z,2026-07-11T08:15:32+10:00,Burdekin Shire,1900,all,All providers,1,1,0,5,0,5,0
2026-07-10T22:15:32Z,2026-07-11T08:15:32+10:00,Burdekin Shire,1900,au.qld.ergon,Ergon Energy,1,1,0,5,0,5,0
2026-07-10T22:15:32Z,2026-07-11T08:15:32+10:00,Livingstone Shire,4530,all,All providers,1,1,0,4,0,4,0
2026-07-10T22:15:32Z,2026-07-11T08:15:32+10:00,Livingstone Shire,4530,au.qld.ergon,Ergon Energy,1,1,0,4,0,4,0
2026-07-10T22:15:32Z,2026-07-11T08:15:32+10:00,Logan City,4590,all,All providers,1,1,0,158,0,158,0
2026-07-10T22:15:32Z,2026-07-11T08:15:32+10:00,Logan City,4590,au.qld.energex,Energex,1,1,0,158,0,158,0
2026-07-10T22:31:02Z,2026-07-11T08:31:02+10:00,Burdekin Shire,1900,all,All providers,1,1,0,5,0,5,0
2026-07-10T22:31:02Z,2026-07-11T08:31:02+10:00,Burdekin Shire,1900,au.qld.ergon,Ergon Energy,1,1,0,5,0,5,0
2026-07-10T22:31:02Z,2026-07-11T08:31:02+10:00,Livingstone Shire,4530,all,All providers,1,1,0,4,0,4,0
2026-07-10T22:31:02Z,2026-07-11T08:31:02+10:00,Livingstone Shire,4530,au.qld.ergon,Ergon Energy,1,1,0,4,0,4,0
2026-07-10T22:31:02Z,2026-07-11T08:31:02+10:00,Logan City,4590,all,All providers,1,1,0,158,0,158,0
2026-07-10T22:31:02Z,2026-07-11T08:31:02+10:00,Logan City,4590,au.qld.energex,Energex,1,1,0,158,0,158,0
2026-07-10T22:45:29Z,2026-07-11T08:45:29+10:00,Burdekin Shire,1900,all,All providers,1,1,0,5,0,5,0
2026-07-10T22:45:29Z,2026-07-11T08:45:29+10:00,Burdekin Shire,1900,au.qld.ergon,Ergon Energy,1,1,0,5,0,5,0
2026-07-10T22:45:29Z,2026-07-11T08:45:29+10:00,Livingstone Shire,4530,all,All providers,1,1,0,4,0,4,0
2026-07-10T22:45:29Z,2026-07-11T08:45:29+10:00,Livingstone Shire,4530,au.qld.ergon,Ergon Energy,1,1,0,4,0,4,0
2026-07-10T22:45:29Z,2026-07-11T08:45:29+10:00,Logan City,4590,all,All providers,1,1,0,158,0,158,0
2026-07-10T22:45:29Z,2026-07-11T08:45:29+10:00,Logan City,4590,au.qld.energex,Energex,1,1,0,158,0,158,0
2026-07-10T23:01:01Z,2026-07-11T09:01:01+10:00,Banana Shire,370,all,All providers,1,1,0,9,0,9,0
2026-07-10T23:01:01Z,2026-07-11T09:01:01+10:00,Banana Shire,370,au.qld.ergon,Ergon Energy,1,1,0,9,0,9,0
2026-07-10T23:01:01Z,2026-07-11T09:01:01+10:00,Burdekin Shire,1900,all,All providers,1,1,0,5,0,5,0
2026-07-10T23:01:01Z,2026-07-11T09:01:01+10:00,Burdekin Shire,1900,au.qld.ergon,Ergon Energy,1,1,0,5,0,5,0
2026-07-10T23:01:01Z,2026-07-11T09:01:01+10:00,Livingstone Shire,4530,all,All providers,1,1,0,4,0,4,0
2026-07-10T23:01:01Z,2026-07-11T09:01:01+10:00,Livingstone Shire,4530,au.qld.ergon,Ergon Energy,1,1,0,4,0,4,0
2026-07-10T23:01:01Z,2026-07-11T09:01:01+10:00,Logan City,4590,all,All providers,1,1,0,158,0,158,0
2026-07-10T23:01:01Z,2026-07-11T09:01:01+10:00,Logan City,4590,au.qld.energex,Energex,1,1,0,158,0,158,0
2026-07-10T23:15:33Z,2026-07-11T09:15:33+10:00,Burdekin Shire,1900,all,All providers,1,1,0,5,0,5,0
2026-07-10T23:15:33Z,2026-07-11T09:15:33+10:00,Burdekin Shire,1900,au.qld.ergon,Ergon Energy,1,1,0,5,0,5,0
2026-07-10T23:15:33Z,2026-07-11T09:15:33+10:00,Livingstone Shire,4530,all,All providers,1,1,0,4,0,4,0
2026-07-10T23:15:33Z,2026-07-11T09:15:33+10:00,Livingstone Shire,4530,au.qld.ergon,Ergon Energy,1,1,0,4,0,4,0
2026-07-10T23:31:01Z,2026-07-11T09:31:01+10:00,Burdekin Shire,1900,all,All providers,1,1,0,5,0,5,0
2026-07-10T23:31:01Z,2026-07-11T09:31:01+10:00,Burdekin Shire,1900,au.qld.ergon,Ergon Energy,1,1,0,5,0,5,0
2026-07-10T23:31:01Z,2026-07-11T09:31:01+10:00,Livingstone Shire,4530,all,All providers,1,1,0,4,0,4,0
2026-07-10T23:31:01Z,2026-07-11T09:31:01+10:00,Livingstone Shire,4530,au.qld.ergon,Ergon Energy,1,1,0,4,0,4,0
2026-07-10T23:45:33Z,2026-07-11T09:45:33+10:00,Burdekin Shire,1900,all,All providers,1,1,0,5,0,5,0
2026-07-10T23:45:33Z,2026-07-11T09:45:33+10:00,Burdekin Shire,1900,au.qld.ergon,Ergon Energy,1,1,0,5,0,5,0
2026-07-10T23:45:33Z,2026-07-11T09:45:33+10:00,Livingstone Shire,4530,all,All providers,1,1,0,4,0,4,0
2026-07-10T23:45:33Z,2026-07-11T09:45:33+10:00,Livingstone Shire,4530,au.qld.ergon,Ergon Energy,1,1,0,4,0,4,0
2026-07-11T00:01:01Z,2026-07-11T10:01:01+10:00,Burdekin Shire,1900,all,All providers,1,1,0,5,0,5,0
2026-07-11T00:01:01Z,2026-07-11T10:01:01+10:00,Burdekin Shire,1900,au.qld.ergon,Ergon Energy,1,1,0,5,0,5,0
2026-07-11T00:01:01Z,2026-07-11T10:01:01+10:00,Livingstone Shire,4530,all,All providers,1,1,0,4,0,4,0
2026-07-11T00:01:01Z,2026-07-11T10:01:01+10:00,Livingstone Shire,4530,au.qld.ergon,Ergon Energy,1,1,0,4,0,4,0
2026-07-11T00:15:32Z,2026-07-11T10:15:32+10:00,Burdekin Shire,1900,all,All providers,1,1,0,5,0,5,0
2026-07-11T00:15:32Z,2026-07-11T10:15:32+10:00,Burdekin Shire,1900,au.qld.ergon,Ergon Energy,1,1,0,5,0,5,0
2026-07-11T00:15:32Z,2026-07-11T10:15:32+10:00,Livingstone Shire,4530,all,All providers,1,1,0,4,0,4,0
2026-07-11T00:15:32Z,2026-07-11T10:15:32+10:00,Livingstone Shire,4530,au.qld.ergon,Ergon Energy,1,1,0,4,0,4,0
2026-07-11T00:30:54Z,2026-07-11T10:30:54+10:00,Burdekin Shire,1900,all,All providers,1,1,0,5,0,5,0
2026-07-11T00:30:54Z,2026-07-11T10:30:54+10:00,Burdekin Shire,1900,au.qld.ergon,Ergon Energy,1,1,0,5,0,5,0
2026-07-11T00:30:54Z,2026-07-11T10:30:54+10:00,Livingstone Shire,4530,all,All providers,1,1,0,4,0,4,0
2026-07-11T00:30:54Z,2026-07-11T10:30:54+10:00,Livingstone Shire,4530,au.qld.ergon,Ergon Energy,1,1,0,4,0,4,0
2026-07-11T00:45:33Z,2026-07-11T10:45:33+10:00,Burdekin Shire,1900,all,All providers,1,1,0,5,0,5,0
2026-07-11T00:45:33Z,2026-07-11T10:45:33+10:00,Burdekin Shire,1900,au.qld.ergon,Ergon Energy,1,1,0,5,0,5,0
2026-07-11T00:45:33Z,2026-07-11T10:45:33+10:00,Livingstone Shire,4530,all,All providers,1,1,0,4,0,4,0
2026-07-11T00:45:33Z,2026-07-11T10:45:33+10:00,Livingstone Shire,4530,au.qld.ergon,Ergon Energy,1,1,0,4,0,4,0
2026-07-11T01:01:03Z,2026-07-11T11:01:03+10:00,Burdekin Shire,1900,all,All providers,1,1,0,5,0,5,0
2026-07-11T01:01:03Z,2026-07-11T11:01:03+10:00,Burdekin Shire,1900,au.qld.ergon,Ergon Energy,1,1,0,5,0,5,0
2026-07-11T01:01:03Z,2026-07-11T11:01:03+10:00,Livingstone Shire,4530,all,All providers,1,1,0,4,0,4,0
2026-07-11T01:01:03Z,2026-07-11T11:01:03+10:00,Livingstone Shire,4530,au.qld.ergon,Ergon Energy,1,1,0,4,0,4,0
2026-07-11T01:15:31Z,2026-07-11T11:15:31+10:00,Burdekin Shire,1900,all,All providers,1,1,0,5,0,5,0
2026-07-11T01:15:31Z,2026-07-11T11:15:31+10:00,Burdekin Shire,1900,au.qld.ergon,Ergon Energy,1,1,0,5,0,5,0
2026-07-11T01:15:31Z,2026-07-11T11:15:31+10:00,Gympie Regional,3620,all,All providers,1,1,0,28,0,28,0
2026-07-11T01:15:31Z,2026-07-11T11:15:31+10:00,Gympie Regional,3620,au.qld.ergon,Ergon Energy,1,1,0,28,0,28,0
2026-07-11T01:15:31Z,2026-07-11T11:15:31+10:00,Livingstone Shire,4530,all,All providers,1,1,0,4,0,4,0
2026-07-11T01:15:31Z,2026-07-11T11:15:31+10:00,Livingstone Shire,4530,au.qld.ergon,Ergon Energy,1,1,0,4,0,4,0
2026-07-11T01:30:55Z,2026-07-11T11:30:55+10:00,Burdekin Shire,1900,all,All providers,1,1,0,5,0,5,0
2026-07-11T01:30:55Z,2026-07-11T11:30:55+10:00,Burdekin Shire,1900,au.qld.ergon,Ergon Energy,1,1,0,5,0,5,0
2026-07-11T01:30:55Z,2026-07-11T11:30:55+10:00,Gympie Regional,3620,all,All providers,1,1,0,28,0,28,0
2026-07-11T01:30:55Z,2026-07-11T11:30:55+10:00,Gympie Regional,3620,au.qld.ergon,Ergon Energy,1,1,0,28,0,28,0
2026-07-11T01:30:55Z,2026-07-11T11:30:55+10:00,Livingstone Shire,4530,all,All providers,1,1,0,4,0,4,0
2026-07-11T01:30:55Z,2026-07-11T11:30:55+10:00,Livingstone Shire,4530,au.qld.ergon,Ergon Energy,1,1,0,4,0,4,0
2026-07-11T01:30:55Z,2026-07-11T11:30:55+10:00,Moreton Bay City,5010,all,All providers,1,1,0,4,0,4,0
2026-07-11T01:30:55Z,2026-07-11T11:30:55+10:00,Moreton Bay City,5010,au.qld.energex,Energex,1,1,0,4,0,4,0
2026-07-11T01:45:30Z,2026-07-11T11:45:30+10:00,Gympie Regional,3620,all,All providers,1,1,0,28,0,28,0
2026-07-11T01:45:30Z,2026-07-11T11:45:30+10:00,Gympie Regional,3620,au.qld.ergon,Ergon Energy,1,1,0,28,0,28,0
2026-07-11T01:45:30Z,2026-07-11T11:45:30+10:00,Livingstone Shire,4530,all,All providers,1,1,0,4,0,4,0
2026-07-11T01:45:30Z,2026-07-11T11:45:30+10:00,Livingstone Shire,4530,au.qld.ergon,Ergon Energy,1,1,0,4,0,4,0
2026-07-11T01:45:30Z,2026-07-11T11:45:30+10:00,Moreton Bay City,5010,all,All providers,1,1,0,4,0,4,0
2026-07-11T01:45:30Z,2026-07-11T11:45:30+10:00,Moreton Bay City,5010,au.qld.energex,Energex,1,1,0,4,0,4,0
2026-07-11T02:01:00Z,2026-07-11T12:01:00+10:00,Gympie Regional,3620,all,All providers,1,1,0,28,0,28,0
2026-07-11T02:01:00Z,2026-07-11T12:01:00+10:00,Gympie Regional,3620,au.qld.ergon,Ergon Energy,1,1,0,28,0,28,0
2026-07-11T02:01:00Z,2026-07-11T12:01:00+10:00,Livingstone Shire,4530,all,All providers,1,1,0,4,0,4,0
2026-07-11T02:01:00Z,2026-07-11T12:01:00+10:00,Livingstone Shire,4530,au.qld.ergon,Ergon Energy,1,1,0,4,0,4,0
2026-07-11T02:01:00Z,2026-07-11T12:01:00+10:00,Moreton Bay City,5010,all,All providers,1,1,0,4,0,4,0
2026-07-11T02:01:00Z,2026-07-11T12:01:00+10:00,Moreton Bay City,5010,au.qld.energex,Energex,1,1,0,4,0,4,0
2026-07-11T02:15:35Z,2026-07-11T12:15:35+10:00,Gympie Regional,3620,all,All providers,1,1,0,28,0,28,0
2026-07-11T02:15:35Z,2026-07-11T12:15:35+10:00,Gympie Regional,3620,au.qld.ergon,Ergon Energy,1,1,0,28,0,28,0
2026-07-11T02:15:35Z,2026-07-11T12:15:35+10:00,Livingstone Shire,4530,all,All providers,1,1,0,4,0,4,0
2026-07-11T02:15:35Z,2026-07-11T12:15:35+10:00,Livingstone Shire,4530,au.qld.ergon,Ergon Energy,1,1,0,4,0,4,0
2026-07-11T02:15:35Z,2026-07-11T12:15:35+10:00,Moreton Bay City,5010,all,All providers,1,1,0,4,0,4,0
2026-07-11T02:15:35Z,2026-07-11T12:15:35+10:00,Moreton Bay City,5010,au.qld.energex,Energex,1,1,0,4,0,4,0
2026-07-11T02:30:57Z,2026-07-11T12:30:57+10:00,Gympie Regional,3620,all,All providers,1,1,0,28,0,28,0
2026-07-11T02:30:57Z,2026-07-11T12:30:57+10:00,Gympie Regional,3620,au.qld.ergon,Ergon Energy,1,1,0,28,0,28,0
2026-07-11T02:30:57Z,2026-07-11T12:30:57+10:00,Logan City,4590,all,All providers,1,1,0,970,0,970,0
2026-07-11T02:30:57Z,2026-07-11T12:30:57+10:00,Logan City,4590,au.qld.energex,Energex,1,1,0,970,0,970,0
2026-07-11T02:30:57Z,2026-07-11T12:30:57+10:00,Moreton Bay City,5010,all,All providers,1,1,0,4,0,4,0
2026-07-11T02:30:57Z,2026-07-11T12:30:57+10:00,Moreton Bay City,5010,au.qld.energex,Energex,1,1,0,4,0,4,0
2026-07-11T02:45:34Z,2026-07-11T12:45:34+10:00,Gympie Regional,3620,all,All providers,1,1,0,28,0,28,0
2026-07-11T02:45:34Z,2026-07-11T12:45:34+10:00,Gympie Regional,3620,au.qld.ergon,Ergon Energy,1,1,0,28,0,28,0
2026-07-11T02:45:34Z,2026-07-11T12:45:34+10:00,Logan City,4590,all,All providers,1,1,0,970,0,970,0
2026-07-11T02:45:34Z,2026-07-11T12:45:34+10:00,Logan City,4590,au.qld.energex,Energex,1,1,0,970,0,970,0
2026-07-11T02:45:34Z,2026-07-11T12:45:34+10:00,Moreton Bay City,5010,all,All providers,1,1,0,4,0,4,0
2026-07-11T02:45:34Z,2026-07-11T12:45:34+10:00,Moreton Bay City,5010,au.qld.energex,Energex,1,1,0,4,0,4,0
2026-07-11T03:01:01Z,2026-07-11T13:01:01+10:00,Gympie Regional,3620,all,All providers,1,1,0,28,0,28,0
2026-07-11T03:01:01Z,2026-07-11T13:01:01+10:00,Gympie Regional,3620,au.qld.ergon,Ergon Energy,1,1,0,28,0,28,0
2026-07-11T03:01:01Z,2026-07-11T13:01:01+10:00,Logan City,4590,all,All providers,1,1,0,970,0,970,0
2026-07-11T03:01:01Z,2026-07-11T13:01:01+10:00,Logan City,4590,au.qld.energex,Energex,1,1,0,970,0,970,0
2026-07-11T03:01:01Z,2026-07-11T13:01:01+10:00,Moreton Bay City,5010,all,All providers,1,1,0,4,0,4,0
2026-07-11T03:01:01Z,2026-07-11T13:01:01+10:00,Moreton Bay City,5010,au.qld.energex,Energex,1,1,0,4,0,4,0
2026-07-11T03:01:01Z,2026-07-11T13:01:01+10:00,Torres Shire,6950,all,All providers,1,1,0,127,0,127,0
2026-07-11T03:01:01Z,2026-07-11T13:01:01+10:00,Torres Shire,6950,au.qld.ergon,Ergon Energy,1,1,0,127,0,127,0
2026-07-11T03:15:30Z,2026-07-11T13:15:30+10:00,Gympie Regional,3620,all,All providers,1,1,0,28,0,28,0
2026-07-11T03:15:30Z,2026-07-11T13:15:30+10:00,Gympie Regional,3620,au.qld.ergon,Ergon Energy,1,1,0,28,0,28,0
2026-07-11T03:15:30Z,2026-07-11T13:15:30+10:00,Logan City,4590,all,All providers,1,1,0,970,0,970,0
2026-07-11T03:15:30Z,2026-07-11T13:15:30+10:00,Logan City,4590,au.qld.energex,Energex,1,1,0,970,0,970,0
2026-07-11T03:15:30Z,2026-07-11T13:15:30+10:00,Moreton Bay City,5010,all,All providers,1,1,0,4,0,4,0
2026-07-11T03:15:30Z,2026-07-11T13:15:30+10:00,Moreton Bay City,5010,au.qld.energex,Energex,1,1,0,4,0,4,0
2026-07-11T03:15:30Z,2026-07-11T13:15:30+10:00,Torres Shire,6950,all,All providers,1,1,0,127,0,127,0
2026-07-11T03:15:30Z,2026-07-11T13:15:30+10:00,Torres Shire,6950,au.qld.ergon,Ergon Energy,1,1,0,127,0,127,0
2026-07-11T03:30:53Z,2026-07-11T13:30:53+10:00,Gympie Regional,3620,all,All providers,1,1,0,28,0,28,0
2026-07-11T03:30:53Z,2026-07-11T13:30:53+10:00,Gympie Regional,3620,au.qld.ergon,Ergon Energy,1,1,0,28,0,28,0
2026-07-11T03:30:53Z,2026-07-11T13:30:53+10:00,Logan City,4590,all,All providers,1,1,0,970,0,970,0
2026-07-11T03:30:53Z,2026-07-11T13:30:53+10:00,Logan City,4590,au.qld.energex,Energex,1,1,0,970,0,970,0
2026-07-11T03:30:53Z,2026-07-11T13:30:53+10:00,Moreton Bay City,5010,all,All providers,1,1,0,4,0,4,0
2026-07-11T03:30:53Z,2026-07-11T13:30:53+10:00,Moreton Bay City,5010,au.qld.energex,Energex,1,1,0,4,0,4,0
2026-07-11T03:30:53Z,2026-07-11T13:30:53+10:00,Torres Shire,6950,all,All providers,1,1,0,127,0,127,0
2026-07-11T03:30:53Z,2026-07-11T13:30:53+10:00,Torres Shire,6950,au.qld.ergon,Ergon Energy,1,1,0,127,0,127,0
2026-07-11T03:45:32Z,2026-07-11T13:45:32+10:00,Gympie Regional,3620,all,All providers,1,1,0,28,0,28,0
2026-07-11T03:45:32Z,2026-07-11T13:45:32+10:00,Gympie Regional,3620,au.qld.ergon,Ergon Energy,1,1,0,28,0,28,0
2026-07-11T03:45:32Z,2026-07-11T13:45:32+10:00,Logan City,4590,all,All providers,1,1,0,970,0,970,0
2026-07-11T03:45:32Z,2026-07-11T13:45:32+10:00,Logan City,4590,au.qld.energex,Energex,1,1,0,970,0,970,0
2026-07-11T03:45:32Z,2026-07-11T13:45:32+10:00,Moreton Bay City,5010,all,All providers,1,1,0,4,0,4,0
2026-07-11T03:45:32Z,2026-07-11T13:45:32+10:00,Moreton Bay City,5010,au.qld.energex,Energex,1,1,0,4,0,4,0
2026-07-11T04:01:01Z,2026-07-11T14:01:01+10:00,Gympie Regional,3620,all,All providers,1,1,0,28,0,28,0
2026-07-11T04:01:01Z,2026-07-11T14:01:01+10:00,Gympie Regional,3620,au.qld.ergon,Ergon Energy,1,1,0,28,0,28,0
2026-07-11T04:01:01Z,2026-07-11T14:01:01+10:00,Logan City,4590,all,All providers,1,1,0,970,0,970,0
2026-07-11T04:01:01Z,2026-07-11T14:01:01+10:00,Logan City,4590,au.qld.energex,Energex,1,1,0,970,0,970,0
2026-07-11T04:01:01Z,2026-07-11T14:01:01+10:00,Moreton Bay City,5010,all,All providers,1,1,0,4,0,4,0
2026-07-11T04:01:01Z,2026-07-11T14:01:01+10:00,Moreton Bay City,5010,au.qld.energex,Energex,1,1,0,4,0,4,0
2026-07-11T04:15:32Z,2026-07-11T14:15:32+10:00,Gympie Regional,3620,all,All providers,1,1,0,28,0,28,0
2026-07-11T04:15:32Z,2026-07-11T14:15:32+10:00,Gympie Regional,3620,au.qld.ergon,Ergon Energy,1,1,0,28,0,28,0
2026-07-11T04:15:32Z,2026-07-11T14:15:32+10:00,Logan City,4590,all,All providers,1,1,0,970,0,970,0
2026-07-11T04:15:32Z,2026-07-11T14:15:32+10:00,Logan City,4590,au.qld.energex,Energex,1,1,0,970,0,970,0
2026-07-11T04:15:32Z,2026-07-11T14:15:32+10:00,Moreton Bay City,5010,all,All providers,1,1,0,4,0,4,0
2026-07-11T04:15:32Z,2026-07-11T14:15:32+10:00,Moreton Bay City,5010,au.qld.energex,Energex,1,1,0,4,0,4,0
2026-07-11T04:30:56Z,2026-07-11T14:30:56+10:00,Gympie Regional,3620,all,All providers,1,1,0,28,0,28,0
2026-07-11T04:30:56Z,2026-07-11T14:30:56+10:00,Gympie Regional,3620,au.qld.ergon,Ergon Energy,1,1,0,28,0,28,0
2026-07-11T04:30:56Z,2026-07-11T14:30:56+10:00,Moreton Bay City,5010,all,All providers,1,1,0,4,0,4,0
2026-07-11T04:30:56Z,2026-07-11T14:30:56+10:00,Moreton Bay City,5010,au.qld.energex,Energex,1,1,0,4,0,4,0
2026-07-11T04:45:32Z,2026-07-11T14:45:32+10:00,Moreton Bay City,5010,all,All providers,1,1,0,4,0,4,0
2026-07-11T04:45:32Z,2026-07-11T14:45:32+10:00,Moreton Bay City,5010,au.qld.energex,Energex,1,1,0,4,0,4,0
